Date,Time,Temp_Out,Out_Hum,Dew_Pt.,Wind_Speed,Wind_Dir,Hi_Dir,Wind_Chill,Heat_Index,THW_Index,THSW_Index,Bar  ,Rain,Rain_Rate,Solar_Rad.
2010/1/1,12:01 AM,26.4,86,23.9,1.8,22.5,22.5,26.4,29.5,29.5,29.1,1010.3,0,0,0
2010/1/1,12:02 AM,26.4,87,24.1,1.3,22.5,22.5,26.4,29.6,29.6,29.2,1010.2,0,0,0
2010/1/1,12:03 AM,26.4,87,24,1.3,22.5,22.5,26.4,29.5,29.5,29.1,1010.2,0,0,0
2010/1/1,12:04 AM,26.4,87,24,1.3,22.5,22.5,26.4,29.5,29.5,29.1,1010.3,0,0,0
2010/1/1,12:05 AM,26.4,87,24,0.9,22.5,22.5,26.4,29.5,29.5,29.1,1010.2,0,0,0
2010/1/1,12:06 AM,26.4,87,24,1.3,22.5,22.5,26.4,29.5,29.5,29.1,1010.2,0,0,0
2010/1/1,12:07 AM,26.4,87,24,0.9,22.5,22.5,26.4,29.5,29.5,29.1,1010.1,0,0,0
2010/1/1,12:08 AM,26.3,87,24,1.3,22.5,22.5,26.3,29.4,29.4,28.9,1010.1,0,0,0
2010/1/1,12:09 AM,26.3,87,24,1.8,22.5,45,26.3,29.4,29.4,28.9,1010,0,0,0
2010/1/1,12:10 AM,26.3,87,24,1.3,45,22.5,26.3,29.4,29.4,28.9,1010.1,0,0,0
2010/1/1,12:11 AM,26.3,87,24,1.3,22.5,22.5,26.3,29.4,29.4,28.9,1010,0,0,0
2010/1/1,12:12 AM,26.3,87,24,0.9,360,22.5,26.3,29.4,29.4,28.9,1010.1,0,0,0
2010/1/1,12:13 AM,26.3,87,24,0.9,45,22.5,26.3,29.4,29.4,28.9,1010,0,0,0
2010/1/1,12:14 AM,26.3,87,23.9,0.9,22.5,22.5,26.3,29.3,29.3,28.8,1010,0,0,0
2010/1/1,12:15 AM,26.3,87,23.9,0.9,22.5,22.5,26.3,29.3,29.3,28.8,1010,0,0,0
2010/1/1,12:16 AM,26.3,87,23.9,0.4,22.5,22.5,26.3,29.3,29.3,28.8,1010,0,0,0
2010/1/1,12:17 AM,26.3,87,23.9,0.9,22.5,22.5,26.3,29.3,29.3,28.8,1010.1,0,0,0
2010/1/1,12:18 AM,26.3,87,23.9,1.3,22.5,22.5,26.3,29.3,29.3,28.8,1010.1,0,0,0
2010/1/1,12:19 AM,26.3,88,24.1,0.9,22.5,22.5,26.3,29.4,29.4,28.9,1010,0,0,0
2010/1/1,12:20 AM,26.3,87,23.9,0.9,22.5,22.5,26.3,29.3,29.3,28.8,1010.1,0,0,0
2010/1/1,12:21 AM,26.2,88,24.1,0.9,22.5,45,26.2,29.3,29.3,28.8,1010,0,0,0
2010/1/1,12:22 AM,26.2,88,24.1,0.9,45,45,26.2,29.3,29.3,28.8,1010,0,0,0
2010/1/1,12:23 AM,26.2,88,24.1,0.4,22.5,22.5,26.2,29.3,29.3,28.8,1010,0,0,0
2010/1/1,12:24 AM,26.2,88,24.1,0.9,22.5,22.5,26.2,29.3,29.3,28.8,1009.9,0,0,0
2010/1/1,12:25 AM,26.2,88,24.1,1.3,22.5,22.5,26.2,29.3,29.3,28.8,1009.9,0,0,0
2010/1/1,12:26 AM,26.2,88,24.1,0.9,45,22.5,26.2,29.3,29.3,28.8,1009.9,0,0,0
2010/1/1,12:27 AM,26.2,88,24.1,1.3,22.5,22.5,26.2,29.3,29.3,28.8,1009.9,0,0,0
2010/1/1,12:28 AM,26.2,88,24,1.3,22.5,45,26.2,29.2,29.2,28.7,1009.9,0,0,0
2010/1/1,12:29 AM,26.2,88,24,1.8,22.5,22.5,26.2,29.2,29.2,28.7,1010,0,0,0
2010/1/1,12:30 AM,26.2,88,24,1.8,22.5,22.5,26.2,29.2,29.2,28.7,1009.9,0,0,0
2010/1/1,12:31 AM,26.2,88,24,0.9,22.5,22.5,26.2,29.2,29.2,28.7,1009.9,0,0,0
2010/1/1,12:32 AM,26.2,88,24,0.4,22.5,22.5,26.2,29.2,29.2,28.7,1009.9,0,0,0
2010/1/1,12:33 AM,26.2,88,24,1.3,22.5,22.5,26.2,29.2,29.2,28.7,1009.8,0,0,0
2010/1/1,12:34 AM,26.1,88,24,1.3,22.5,22.5,26.1,29.1,29.1,28.6,1009.9,0,0,0
2010/1/1,12:35 AM,26.1,88,24,0.4,22.5,22.5,26.1,29.1,29.1,28.6,1009.9,0,0,0
2010/1/1,12:36 AM,26.1,88,24,1.3,22.5,22.5,26.1,29.1,29.1,28.6,1009.9,0,0,0
2010/1/1,12:37 AM,26.1,88,24,0.9,22.5,22.5,26.1,29.1,29.1,28.6,1009.9,0,0,0
2010/1/1,12:38 AM,26.1,88,24,1.8,45,22.5,26.1,29.1,29.1,28.6,1010,0,0,0
2010/1/1,12:39 AM,26.1,88,23.9,0.9,45,45,26.1,28.9,28.9,28.5,1009.9,0,0,0
2010/1/1,12:40 AM,26.1,89,24.1,1.3,22.5,22.5,26.1,29.1,29.1,28.6,1009.9,0,0,0
2010/1/1,12:41 AM,26.1,89,24.1,1.3,22.5,22.5,26.1,29.1,29.1,28.6,1009.9,0,0,0
2010/1/1,12:42 AM,26.1,88,23.9,0.9,22.5,22.5,26.1,28.9,28.9,28.5,1010,0,0,0
2010/1/1,12:43 AM,26.1,89,24.1,0.4,22.5,22.5,26.1,29.1,29.1,28.6,1009.8,0,0,0
2010/1/1,12:44 AM,26.1,89,24.1,0.4,22.5,22.5,26.1,29.1,29.1,28.6,1009.9,0,0,0
2010/1/1,12:45 AM,26,89,24,0,22.5,22.5,26,28.9,28.9,28.5,1009.9,0,0,0
2010/1/1,12:46 AM,26,89,24,0,0,0,26,28.9,28.9,28.5,1009.9,0,0,0
2010/1/1,12:47 AM,26,89,24,0,22.5,22.5,26,28.9,28.9,28.5,1009.9,0,0,0
2010/1/1,12:48 AM,26,89,24,0.4,22.5,22.5,26,28.9,28.9,28.5,1009.9,0,0,0
2010/1/1,12:49 AM,26,89,24,0.9,22.5,22.5,26,28.9,28.9,28.5,1010,0,0,0
2010/1/1,12:50 AM,26,89,24,0,22.5,22.5,26,28.9,28.9,28.5,1010.1,0,0,0
2010/1/1,12:51 AM,26,89,24,0.4,22.5,22.5,26,28.9,28.9,28.5,1010,0,0,0
2010/1/1,12:52 AM,26,89,24,0.9,22.5,22.5,26,28.9,28.9,28.5,1010,0,0,0
2010/1/1,12:53 AM,26,89,24,0,22.5,22.5,26,28.9,28.9,28.5,1009.9,0,0,0
2010/1/1,12:54 AM,26,89,24,0,22.5,22.5,26,28.9,28.9,28.5,1010,0,0,0
2010/1/1,12:55 AM,26,89,24,0,22.5,22.5,26,28.9,28.9,28.5,1010,0,0,0
2010/1/1,12:56 AM,26,89,24,0.4,22.5,22.5,26,28.9,28.9,28.5,1010,0,0,0
2010/1/1,12:57 AM,26,89,24,0.4,22.5,22.5,26,28.9,28.9,28.5,1010,0,0,0
2010/1/1,12:58 AM,26,89,24,0,22.5,22.5,26,28.9,28.9,28.5,1010.1,0,0,0
2010/1/1,12:59 AM,26,89,24,0,22.5,22.5,26,28.9,28.9,28.5,1010.1,0,0,0
2010/1/1,1:00 AM,26,89,24,0.4,22.5,22.5,26,28.9,28.9,28.5,1010,0,0,0
2010/1/1,1:01 AM,26,89,24,0.4,22.5,22.5,26,28.9,28.9,28.5,1010,0,0,0
2010/1/1,1:02 AM,26,89,24,0.4,22.5,22.5,26,28.9,28.9,28.5,1010,0,0,0
2010/1/1,1:03 AM,26,89,24,0,0,0,26,28.9,28.9,28.5,1010,0,0,0
2010/1/1,1:04 AM,26,89,24,0,22.5,22.5,26,28.9,28.9,28.5,1010,0,0,0
2010/1/1,1:05 AM,26,89,24,0.4,22.5,22.5,26,28.9,28.9,28.5,1010,0,0,0
2010/1/1,1:06 AM,26,89,24,0.9,22.5,22.5,26,28.9,28.9,28.5,1010,0,0,0
2010/1/1,1:07 AM,26,89,24,0.9,22.5,22.5,26,28.9,28.9,28.5,1010,0,0,0
2010/1/1,1:08 AM,26,89,24,0.4,22.5,22.5,26,28.9,28.9,28.5,1010,0,0,0
2010/1/1,1:09 AM,26,89,24,0.9,22.5,22.5,26,28.9,28.9,28.5,1009.9,0,0,0
2010/1/1,1:10 AM,25.9,89,24,0.9,22.5,22.5,25.9,28.8,28.8,28.4,1010,0,0,0
2010/1/1,1:11 AM,25.9,89,24,0,22.5,22.5,25.9,28.8,28.8,28.4,1010,0,0,0
2010/1/1,1:12 AM,25.9,89,24,0.4,22.5,22.5,25.9,28.8,28.8,28.4,1010,0,0,0
2010/1/1,1:13 AM,25.9,89,24,0.9,22.5,22.5,25.9,28.8,28.8,28.4,1010,0,0,0
2010/1/1,1:14 AM,25.9,89,24,0.4,22.5,22.5,25.9,28.8,28.8,28.4,1010,0,0,0
2010/1/1,1:15 AM,25.9,89,24,0,22.5,22.5,25.9,28.8,28.8,28.4,1010,0,0,0
2010/1/1,1:16 AM,25.9,89,24,0,22.5,22.5,25.9,28.8,28.8,28.4,1010,0,0,0
2010/1/1,1:17 AM,25.9,89,24,0,22.5,22.5,25.9,28.8,28.8,28.4,1010,0,0,0
2010/1/1,1:18 AM,25.9,89,24,0,22.5,22.5,25.9,28.8,28.8,28.4,1010,0,0,0
2010/1/1,1:19 AM,25.9,89,24,0.4,22.5,22.5,25.9,28.8,28.8,28.4,1010,0,0,0
2010/1/1,1:20 AM,25.9,89,24,0.4,22.5,22.5,25.9,28.8,28.8,28.4,1010,0,0,0
2010/1/1,1:21 AM,25.9,89,24,0.4,22.5,22.5,25.9,28.8,28.8,28.4,1010,0,0,0
2010/1/1,1:22 AM,25.9,89,24,0.4,22.5,22.5,25.9,28.8,28.8,28.4,1010.1,0,0,0
2010/1/1,1:23 AM,25.9,89,24,0.4,22.5,22.5,25.9,28.8,28.8,28.4,1010.1,0,0,0
2010/1/1,1:24 AM,25.9,89,24,0,22.5,22.5,25.9,28.8,28.8,28.4,1010.1,0,0,0
2010/1/1,1:25 AM,25.9,89,24,0,22.5,22.5,25.9,28.8,28.8,28.4,1010,0,0,0
2010/1/1,1:26 AM,25.9,89,24,0,22.5,22.5,25.9,28.8,28.8,28.4,1010.1,0,0,0
2010/1/1,1:27 AM,25.9,89,24,0,0,0,25.9,28.8,28.8,28.4,1010.1,0,0,0
2010/1/1,1:28 AM,25.9,89,24,0.4,22.5,22.5,25.9,28.8,28.8,28.4,1010.1,0,0,0
2010/1/1,1:29 AM,25.9,89,24,0.4,22.5,22.5,25.9,28.8,28.8,28.4,1010.1,0,0,0
2010/1/1,1:30 AM,25.9,89,24,0,22.5,22.5,25.9,28.8,28.8,28.4,1010.1,0,0,0
2010/1/1,1:31 AM,25.9,89,24,0,22.5,22.5,25.9,28.8,28.8,28.4,1010.1,0,0,0
2010/1/1,1:32 AM,25.9,89,24,0.4,22.5,22.5,25.9,28.8,28.8,28.4,1010,0,0,0
2010/1/1,1:33 AM,25.9,89,24,0,22.5,22.5,25.9,28.8,28.8,28.4,1010,0,0,0
2010/1/1,1:34 AM,25.9,89,24,0,22.5,22.5,25.9,28.8,28.8,28.4,1010.1,0,0,0
2010/1/1,1:35 AM,25.9,89,24,0.4,22.5,22.5,25.9,28.8,28.8,28.4,1009.9,0,0,0
2010/1/1,1:36 AM,25.9,89,24,0.4,22.5,22.5,25.9,28.8,28.8,28.4,1009.9,0,0,0
2010/1/1,1:37 AM,25.9,89,24,0.4,22.5,22.5,25.9,28.8,28.8,28.4,1010,0,0,0
2010/1/1,1:38 AM,25.9,89,24,0.4,22.5,22.5,25.9,28.8,28.8,28.4,1010,0,0,0
2010/1/1,1:39 AM,25.9,89,24,0.4,22.5,22.5,25.9,28.8,28.8,28.4,1009.9,0,0,0
2010/1/1,1:40 AM,25.9,89,24,0.9,22.5,22.5,25.9,28.8,28.8,28.4,1009.9,0,0,0
2010/1/1,1:41 AM,25.9,89,24,0.4,22.5,22.5,25.9,28.8,28.8,28.4,1009.9,0,0,0
2010/1/1,1:42 AM,25.9,89,24,0.4,22.5,22.5,25.9,28.8,28.8,28.4,1010,0,0,0
2010/1/1,1:43 AM,26,89,24,0,22.5,22.5,26,28.9,28.9,28.5,1009.9,0,0,0
2010/1/1,1:44 AM,26,89,24,0,22.5,22.5,26,28.9,28.9,28.5,1010,0,0,0
2010/1/1,1:45 AM,26,89,24,0.9,22.5,22.5,26,28.9,28.9,28.5,1009.8,0,0,0
2010/1/1,1:46 AM,26,89,24,0.4,22.5,22.5,26,28.9,28.9,28.5,1009.9,0,0,0
2010/1/1,1:47 AM,26,89,24,0.4,22.5,22.5,26,28.9,28.9,28.5,1009.9,0,0,0
2010/1/1,1:48 AM,26,89,24,0.9,22.5,22.5,26,28.9,28.9,28.5,1009.8,0,0,0
2010/1/1,1:49 AM,26,89,24,0.4,22.5,22.5,26,28.9,28.9,28.5,1009.8,0,0,0
2010/1/1,1:50 AM,26,89,24,0.9,22.5,22.5,26,28.9,28.9,28.5,1009.8,0,0,0
2010/1/1,1:51 AM,26,89,24,0.4,22.5,22.5,26,28.9,28.9,28.5,1009.7,0,0,0
2010/1/1,1:52 AM,26,89,24,0.9,22.5,22.5,26,28.9,28.9,28.5,1009.8,0,0,0
2010/1/1,1:53 AM,26,89,24,0.4,22.5,22.5,26,28.9,28.9,28.5,1009.8,0,0,0
2010/1/1,1:54 AM,26,89,24,0,0,0,26,28.9,28.9,28.5,1009.8,0,0,0
2010/1/1,1:55 AM,26,89,24,0,22.5,22.5,26,28.9,28.9,28.5,1009.8,0,0,0
2010/1/1,1:56 AM,26,89,24,0,22.5,22.5,26,28.9,28.9,28.5,1009.8,0,0,0
2010/1/1,1:57 AM,26,89,24,0,22.5,22.5,26,28.9,28.9,28.5,1009.8,0,0,0
2010/1/1,1:58 AM,26,89,24,0,0,0,26,28.9,28.9,28.5,1009.8,0,0,0
2010/1/1,1:59 AM,26,89,24,0,0,0,26,28.9,28.9,28.5,1009.7,0,0,0
2010/1/1,2:00 AM,26,89,24,0,0,0,26,28.9,28.9,28.5,1009.7,0,0,0
2010/1/1,2:01 AM,26,89,24,0,0,0,26,28.9,28.9,28.5,1009.7,0,0,0
2010/1/1,2:02 AM,26,89,24,0,0,0,26,28.9,28.9,28.5,1009.7,0,0,0
2010/1/1,2:03 AM,26,89,24,0,0,0,26,28.9,28.9,28.5,1009.7,0,0,0
2010/1/1,2:04 AM,26,89,24,0,0,0,26,28.9,28.9,28.5,1009.6,0,0,0
2010/1/1,2:05 AM,26,89,24,0,0,0,26,28.9,28.9,28.5,1009.6,0,0,0
2010/1/1,2:06 AM,26,89,24,0,0,0,26,28.9,28.9,28.5,1009.7,0,0,0
2010/1/1,2:07 AM,26,89,24,0,0,0,26,28.9,28.9,28.5,1009.7,0,0,0
2010/1/1,2:08 AM,26,89,24,0,0,0,26,28.9,28.9,28.5,1009.8,0,0,0
2010/1/1,2:09 AM,26,89,24,0,0,0,26,28.9,28.9,28.5,1009.7,0,0,0
2010/1/1,2:10 AM,26,89,24,0,0,0,26,28.9,28.9,28.5,1009.6,0,0,0
2010/1/1,2:11 AM,26,89,24,0,0,0,26,28.9,28.9,28.5,1009.6,0,0,0
2010/1/1,2:12 AM,26,89,24,0,0,0,26,28.9,28.9,28.5,1009.6,0,0,0
2010/1/1,2:13 AM,26,89,24,0,0,0,26,28.9,28.9,28.5,1009.6,0,0,0
2010/1/1,2:14 AM,25.9,89,24,0,0,0,25.9,28.8,28.8,28.4,1009.6,0,0,0
2010/1/1,2:15 AM,25.9,89,24,0,0,0,25.9,28.8,28.8,28.4,1009.6,0,0,0
2010/1/1,2:16 AM,26,89,24,0,22.5,22.5,26,28.9,28.9,28.5,1009.6,0,0,0
2010/1/1,2:17 AM,25.9,89,24,0,22.5,22.5,25.9,28.8,28.8,28.4,1009.6,0,0,0
2010/1/1,2:18 AM,25.9,89,24,0,22.5,22.5,25.9,28.8,28.8,28.4,1009.6,0,0,0
2010/1/1,2:19 AM,25.9,89,24,0,22.5,22.5,25.9,28.8,28.8,28.4,1009.5,0,0,0
2010/1/1,2:20 AM,25.9,89,24,0,22.5,22.5,25.9,28.8,28.8,28.4,1009.5,0,0,0
2010/1/1,2:21 AM,25.9,89,24,0,22.5,22.5,25.9,28.8,28.8,28.4,1009.6,0,0,0
2010/1/1,2:22 AM,25.9,89,24,0,0,0,25.9,28.8,28.8,28.4,1009.5,0,0,0
2010/1/1,2:23 AM,25.9,89,24,0,0,0,25.9,28.8,28.8,28.2,1009.5,0,0,0
2010/1/1,2:24 AM,25.9,89,24,0,0,0,25.9,28.8,28.8,28.2,1009.5,0,0,0
2010/1/1,2:25 AM,25.9,89,24,0,0,0,25.9,28.8,28.8,28.2,1009.5,0,0,0
2010/1/1,2:26 AM,25.9,89,24,0.4,22.5,22.5,25.9,28.8,28.8,28.2,1009.5,0,0,0
2010/1/1,2:27 AM,25.9,89,24,0,22.5,22.5,25.9,28.8,28.8,28.2,1009.4,0,0,0
2010/1/1,2:28 AM,25.9,89,24,0,22.5,22.5,25.9,28.8,28.8,28.2,1009.4,0,0,0
2010/1/1,2:29 AM,25.9,90,24.2,0.4,22.5,22.5,25.9,28.9,28.9,28.3,1009.4,0,0,0
2010/1/1,2:30 AM,25.9,90,24.2,0.4,22.5,22.5,25.9,28.9,28.9,28.3,1009.3,0,0,0
2010/1/1,2:31 AM,25.9,89,24,0.4,22.5,22.5,25.9,28.8,28.8,28.2,1009.3,0,0,0
2010/1/1,2:32 AM,25.9,89,24,0.4,22.5,22.5,25.9,28.8,28.8,28.2,1009.4,0,0,0
2010/1/1,2:33 AM,25.9,89,24,0,22.5,22.5,25.9,28.8,28.8,28.2,1009.4,0,0,0
2010/1/1,2:34 AM,25.9,89,24,0,0,0,25.9,28.8,28.8,28.2,1009.3,0,0,0
2010/1/1,2:35 AM,25.9,90,24.2,0,0,0,25.9,28.9,28.9,28.3,1009.3,0,0,0
2010/1/1,2:36 AM,25.9,90,24.2,0,0,0,25.9,28.9,28.9,28.3,1009.2,0,0,0
2010/1/1,2:37 AM,25.9,90,24.2,0,22.5,22.5,25.9,28.9,28.9,28.3,1009.2,0,0,0
2010/1/1,2:38 AM,25.9,90,24.2,0,22.5,22.5,25.9,28.9,28.9,28.3,1009.2,0,0,0
2010/1/1,2:39 AM,25.9,90,24.1,0,22.5,22.5,25.9,28.8,28.8,28.2,1009.2,0,0,0
2010/1/1,2:40 AM,25.9,90,24.2,0,22.5,22.5,25.9,28.9,28.9,28.3,1009.1,0,0,0
2010/1/1,2:41 AM,25.9,90,24.2,0.4,22.5,22.5,25.9,28.9,28.9,28.3,1009.1,0,0,0
2010/1/1,2:42 AM,25.9,90,24.2,0,0,0,25.9,28.9,28.9,28.3,1009.1,0,0,0
2010/1/1,2:43 AM,25.9,90,24.2,0.4,22.5,22.5,25.9,28.9,28.9,28.3,1009,0,0,0
2010/1/1,2:44 AM,25.9,90,24.2,0,0,0,25.9,28.9,28.9,28.3,1009,0,0,0
2010/1/1,2:45 AM,25.9,90,24.2,0,22.5,22.5,25.9,28.9,28.9,28.3,1009,0,0,0
2010/1/1,2:46 AM,25.9,90,24.2,0,22.5,22.5,25.9,28.9,28.9,28.3,1009,0,0,0
2010/1/1,2:47 AM,25.9,90,24.1,0.4,22.5,22.5,25.9,28.8,28.8,28.2,1009,0,0,0
2010/1/1,2:48 AM,25.9,90,24.2,0,0,0,25.9,28.9,28.9,28.3,1009,0,0,0
2010/1/1,2:49 AM,25.9,90,24.1,0.4,22.5,22.5,25.9,28.8,28.8,28.2,1009.1,0,0,0
2010/1/1,2:50 AM,25.9,90,24.2,0.9,22.5,22.5,25.9,28.9,28.9,28.3,1009,0,0,0
2010/1/1,2:51 AM,25.9,90,24.1,0.9,22.5,22.5,25.9,28.8,28.8,28.2,1009,0,0,0
2010/1/1,2:52 AM,25.9,90,24.2,0,22.5,22.5,25.9,28.9,28.9,28.3,1008.9,0,0,0
2010/1/1,2:53 AM,25.9,90,24.2,0.4,22.5,22.5,25.9,28.9,28.9,28.3,1008.9,0,0,0
2010/1/1,2:54 AM,25.9,90,24.1,0,22.5,22.5,25.9,28.8,28.8,28.2,1008.9,0,0,0
2010/1/1,2:55 AM,25.9,90,24.1,0.4,22.5,22.5,25.9,28.8,28.8,28.2,1008.8,0,0,0
2010/1/1,2:56 AM,25.9,90,24.1,0.4,22.5,22.5,25.9,28.8,28.8,28.2,1008.9,0,0,0
2010/1/1,2:57 AM,25.9,90,24.1,0,22.5,22.5,25.9,28.8,28.8,28.2,1008.8,0,0,0
2010/1/1,2:58 AM,25.9,90,24.1,0,22.5,22.5,25.9,28.8,28.8,28.2,1008.8,0,0,0
2010/1/1,2:59 AM,25.9,90,24.1,0.4,22.5,22.5,25.9,28.8,28.8,28.2,1008.8,0,0,0
2010/1/1,3:00 AM,25.9,90,24.1,0.9,22.5,22.5,25.9,28.8,28.8,28.2,1008.8,0,0,0
2010/1/1,3:01 AM,25.9,90,24.1,0.9,22.5,22.5,25.9,28.8,28.8,28.2,1008.8,0,0,0
2010/1/1,3:02 AM,25.9,90,24.1,0,22.5,22.5,25.9,28.8,28.8,28.2,1008.7,0,0,0
2010/1/1,3:03 AM,25.9,90,24.1,0,22.5,22.5,25.9,28.8,28.8,28.2,1008.8,0,0,0
2010/1/1,3:04 AM,25.9,90,24.1,0,22.5,22.5,25.9,28.8,28.8,28.2,1008.7,0,0,0
2010/1/1,3:05 AM,25.9,90,24.1,0,0,0,25.9,28.8,28.8,28.2,1008.7,0,0,0
2010/1/1,3:06 AM,25.9,90,24.1,0.4,22.5,22.5,25.9,28.8,28.8,28.2,1008.7,0,0,0
2010/1/1,3:07 AM,25.8,90,24.1,0.4,22.5,22.5,25.8,28.8,28.8,28.2,1008.7,0,0,0
2010/1/1,3:08 AM,25.8,90,24.1,0.4,22.5,22.5,25.8,28.8,28.8,28.2,1008.6,0,0,0
2010/1/1,3:09 AM,25.8,90,24.1,0.4,22.5,22.5,25.8,28.8,28.8,28.2,1008.6,0,0,0
2010/1/1,3:10 AM,25.8,90,24.1,0,22.5,22.5,25.8,28.8,28.8,28.2,1008.6,0,0,0
2010/1/1,3:11 AM,25.8,90,24.1,0,0,0,25.8,28.8,28.8,28.2,1008.6,0,0,0
2010/1/1,3:12 AM,25.8,90,24.1,0,22.5,22.5,25.8,28.8,28.8,28.2,1008.5,0,0,0
2010/1/1,3:13 AM,25.8,90,24.1,0.4,22.5,22.5,25.8,28.8,28.8,28.2,1008.5,0,0,0
2010/1/1,3:14 AM,25.8,90,24.1,0,22.5,22.5,25.8,28.8,28.8,28.2,1008.5,0,0,0
2010/1/1,3:15 AM,25.8,90,24.1,0,22.5,22.5,25.8,28.8,28.8,28.2,1008.5,0,0,0
2010/1/1,3:16 AM,25.8,90,24.1,0,0,0,25.8,28.8,28.8,28.2,1008.5,0,0,0
2010/1/1,3:17 AM,25.8,90,24.1,0,0,0,25.8,28.8,28.8,28.2,1008.5,0,0,0
2010/1/1,3:18 AM,25.8,90,24,0,22.5,22.5,25.8,28.7,28.7,28.1,1008.4,0,0,0
2010/1/1,3:19 AM,25.8,90,24,0,0,0,25.8,28.7,28.7,28.1,1008.5,0,0,0
2010/1/1,3:20 AM,25.8,90,24,0,0,0,25.8,28.7,28.7,28.1,1008.5,0,0,0
2010/1/1,3:21 AM,25.8,90,24,0,0,0,25.8,28.7,28.7,28.1,1008.5,0,0,0
2010/1/1,3:22 AM,25.8,90,24,0,22.5,22.5,25.8,28.7,28.7,28.1,1008.5,0,0,0
2010/1/1,3:23 AM,25.8,90,24,0,0,0,25.8,28.7,28.7,28.1,1008.5,0,0,0
2010/1/1,3:24 AM,25.8,90,24,0,0,0,25.8,28.7,28.7,28.1,1008.5,0,0,0
2010/1/1,3:25 AM,25.7,90,24,0,0,0,25.7,28.6,28.6,27.9,1008.5,0,0,0
2010/1/1,3:26 AM,25.7,90,24,0,0,0,25.7,28.6,28.6,27.9,1008.4,0,0,0
2010/1/1,3:27 AM,25.7,90,23.9,0,0,0,25.7,28.4,28.4,27.8,1008.4,0,0,0
2010/1/1,3:28 AM,25.7,90,23.9,0,0,0,25.7,28.4,28.4,27.8,1008.5,0,0,0
2010/1/1,3:29 AM,25.7,90,23.9,0,0,0,25.7,28.4,28.4,27.8,1008.4,0,0,0
2010/1/1,3:30 AM,25.7,90,23.9,0,0,0,25.7,28.4,28.4,27.8,1008.4,0,0,0
2010/1/1,3:31 AM,25.7,90,23.9,0,0,0,25.7,28.4,28.4,27.8,1008.4,0,0,0
2010/1/1,3:32 AM,25.6,90,23.8,0,0,0,25.6,28.3,28.3,27.7,1008.4,0,0,0
2010/1/1,3:33 AM,25.6,90,23.8,0,22.5,22.5,25.6,28.3,28.3,27.7,1008.3,0,0,0
2010/1/1,3:34 AM,25.6,90,23.8,0,22.5,22.5,25.6,28.2,28.2,27.6,1008.4,0,0,0
2010/1/1,3:35 AM,25.6,90,23.8,0,22.5,22.5,25.6,28.2,28.2,27.6,1008.4,0,0,0
2010/1/1,3:36 AM,25.6,90,23.8,0,22.5,22.5,25.6,28.2,28.2,27.6,1008.3,0,0,0
2010/1/1,3:37 AM,25.5,90,23.7,0,22.5,22.5,25.5,28.1,28.1,27.5,1008.3,0,0,0
2010/1/1,3:38 AM,25.5,90,23.7,0,0,0,25.5,28.1,28.1,27.5,1008.3,0,0,0
2010/1/1,3:39 AM,25.5,90,23.7,0,0,0,25.5,28.1,28.1,27.5,1008.3,0,0,0
2010/1/1,3:40 AM,25.5,90,23.7,0,22.5,22.5,25.5,28.1,28.1,27.5,1008.2,0,0,0
2010/1/1,3:41 AM,25.4,90,23.7,0,22.5,22.5,25.4,28,28,27.4,1008.3,0,0,0
2010/1/1,3:42 AM,25.4,90,23.7,0,0,0,25.4,28,28,27.4,1008.2,0,0,0
2010/1/1,3:43 AM,25.4,90,23.7,0,0,0,25.4,28,28,27.4,1008.3,0,0,0
2010/1/1,3:44 AM,25.4,90,23.7,0,0,0,25.4,28,28,27.4,1008.3,0,0,0
2010/1/1,3:45 AM,25.4,90,23.7,0,22.5,22.5,25.4,28,28,27.4,1008.2,0,0,0
2010/1/1,3:46 AM,25.4,90,23.7,0,0,0,25.4,28,28,27.4,1008.3,0,0,0
2010/1/1,3:47 AM,25.4,90,23.7,0,0,0,25.4,28,28,27.4,1008.3,0,0,0
2010/1/1,3:48 AM,25.4,91,23.9,0,0,0,25.4,28.1,28.1,27.5,1008.2,0,0,0
2010/1/1,3:49 AM,25.4,91,23.9,0,0,0,25.4,28.1,28.1,27.5,1008.2,0,0,0
2010/1/1,3:50 AM,25.4,91,23.9,0,0,0,25.4,28.1,28.1,27.5,1008.3,0,0,0
2010/1/1,3:51 AM,25.4,91,23.9,0,0,0,25.4,28.1,28.1,27.5,1008.3,0,0,0
2010/1/1,3:52 AM,25.4,91,23.9,0,22.5,22.5,25.4,28.1,28.1,27.5,1008.3,0,0,0
2010/1/1,3:53 AM,25.4,91,23.9,0,0,0,25.4,28.1,28.1,27.5,1008.3,0,0,0
2010/1/1,3:54 AM,25.4,91,23.9,0,0,0,25.4,28.1,28.1,27.5,1008.3,0,0,0
2010/1/1,3:55 AM,25.4,91,23.9,0,0,0,25.4,28.1,28.1,27.5,1008.4,0,0,0
2010/1/1,3:56 AM,25.4,91,23.9,0,0,0,25.4,28.1,28.1,27.5,1008.3,0,0,0
2010/1/1,3:57 AM,25.4,91,23.9,0,0,0,25.4,28.1,28.1,27.5,1008.3,0,0,0
2010/1/1,3:58 AM,25.4,91,23.9,0,0,0,25.4,28.1,28.1,27.5,1008.3,0,0,0
2010/1/1,3:59 AM,25.4,91,23.9,0,0,0,25.4,28.1,28.1,27.5,1008.4,0,0,0
2010/1/1,4:00 AM,25.4,91,23.9,0,0,0,25.4,28.1,28.1,27.5,1008.4,0,0,0
2010/1/1,4:01 AM,25.4,91,23.9,0,0,0,25.4,28.1,28.1,27.5,1008.3,0,0,0
2010/1/1,4:02 AM,25.4,91,23.9,0,0,0,25.4,28.1,28.1,27.5,1008.4,0,0,0
2010/1/1,4:03 AM,25.4,91,23.9,0,0,0,25.4,28.1,28.1,27.5,1008.3,0,0,0
2010/1/1,4:04 AM,25.4,91,23.9,0,0,0,25.4,28.1,28.1,27.5,1008.3,0,0,0
2010/1/1,4:05 AM,25.4,91,23.9,0,0,0,25.4,28.1,28.1,27.5,1008.3,0,0,0
2010/1/1,4:06 AM,25.4,91,23.9,0,0,0,25.4,28.1,28.1,27.5,1008.3,0,0,0
2010/1/1,4:07 AM,25.4,91,23.9,0,0,0,25.4,28.1,28.1,27.5,1008.3,0,0,0
2010/1/1,4:08 AM,25.4,91,23.9,0,22.5,22.5,25.4,28.1,28.1,27.5,1008.3,0,0,0
2010/1/1,4:09 AM,25.4,91,23.9,0,22.5,22.5,25.4,28.1,28.1,27.5,1008.2,0,0,0
2010/1/1,4:10 AM,25.4,91,23.9,0.4,22.5,22.5,25.4,28.1,28.1,27.5,1008.2,0,0,0
2010/1/1,4:11 AM,25.5,91,23.9,0.9,22.5,22.5,25.5,28.2,28.2,27.6,1008.2,0,0,0
2010/1/1,4:12 AM,25.5,91,23.9,0.9,22.5,22.5,25.5,28.2,28.2,27.6,1008.2,0,0,0
2010/1/1,4:13 AM,25.5,91,23.9,1.3,22.5,22.5,25.5,28.2,28.2,27.6,1008.2,0,0,0
2010/1/1,4:14 AM,25.5,91,23.9,0.9,337.5,337.5,25.5,28.2,28.2,27.6,1008.1,0,0,0
2010/1/1,4:15 AM,25.6,91,24,0.9,337.5,337.5,25.6,28.3,28.3,27.7,1008.1,0,0,0
2010/1/1,4:16 AM,25.6,91,24,0.9,337.5,337.5,25.6,28.3,28.3,27.7,1008.1,0,0,0
2010/1/1,4:17 AM,25.6,91,24,0.9,337.5,337.5,25.6,28.3,28.3,27.7,1008.1,0,0,0
2010/1/1,4:18 AM,25.6,91,24,0.9,337.5,337.5,25.6,28.3,28.3,27.7,1008.1,0,0,0
2010/1/1,4:19 AM,25.6,91,24,0.4,360,360,25.6,28.3,28.3,27.7,1008,0,0,0
2010/1/1,4:20 AM,25.6,91,24,0.4,337.5,360,25.6,28.3,28.3,27.7,1008.1,0,0,0
2010/1/1,4:21 AM,25.6,91,24,0.9,360,360,25.6,28.3,28.3,27.7,1008,0,0,0
2010/1/1,4:22 AM,25.6,91,24,0.4,337.5,337.5,25.6,28.3,28.3,27.7,1008,0,0,0
2010/1/1,4:23 AM,25.6,91,24,0.9,337.5,337.5,25.6,28.3,28.3,27.7,1007.9,0,0,0
2010/1/1,4:24 AM,25.6,91,24,0.9,337.5,337.5,25.6,28.3,28.3,27.7,1008,0,0,0
2010/1/1,4:25 AM,25.6,91,24,0.9,337.5,360,25.6,28.3,28.3,27.7,1008,0,0,0
2010/1/1,4:26 AM,25.6,91,24,0.9,337.5,337.5,25.6,28.3,28.3,27.7,1008,0,0,0
2010/1/1,4:27 AM,25.6,91,24,0.4,337.5,337.5,25.6,28.3,28.3,27.7,1007.9,0,0,0
2010/1/1,4:28 AM,25.6,91,24,0.4,315,315,25.6,28.3,28.3,27.7,1007.9,0,0,0
2010/1/1,4:29 AM,25.6,91,24,0,315,315,25.6,28.3,28.3,27.7,1007.8,0,0,0
2010/1/1,4:30 AM,25.6,91,24,0,337.5,315,25.6,28.3,28.3,27.7,1007.9,0,0,0
2010/1/1,4:31 AM,25.6,91,24,0.4,360,360,25.6,28.3,28.3,27.7,1008,0,0,0
2010/1/1,4:32 AM,25.6,91,24,0,360,360,25.6,28.3,28.3,27.7,1008,0,0,0
2010/1/1,4:33 AM,25.6,91,24,0.4,22.5,22.5,25.6,28.3,28.3,27.7,1008,0,0,0
2010/1/1,4:34 AM,25.6,91,24,0,0,0,25.6,28.3,28.3,27.7,1008,0,0,0
2010/1/1,4:35 AM,25.6,91,24,0,0,0,25.6,28.3,28.3,27.7,1008,0,0,0
2010/1/1,4:36 AM,25.6,91,24,0,0,0,25.6,28.3,28.3,27.7,1008,0,0,0
2010/1/1,4:37 AM,25.6,91,24,0,0,0,25.6,28.3,28.3,27.7,1008,0,0,0
2010/1/1,4:38 AM,25.6,91,24,0,0,0,25.6,28.3,28.3,27.7,1008,0,0,0
2010/1/1,4:39 AM,25.6,91,24,0.9,337.5,337.5,25.6,28.3,28.3,27.7,1008,0,0,0
2010/1/1,4:40 AM,25.6,91,24,0,337.5,337.5,25.6,28.3,28.3,27.7,1008,0,0,0
2010/1/1,4:41 AM,25.6,91,24,0.4,337.5,337.5,25.6,28.3,28.3,27.7,1007.9,0,0,0
2010/1/1,4:42 AM,25.6,91,24,0.4,337.5,337.5,25.6,28.3,28.3,27.7,1007.9,0,0,0
2010/1/1,4:43 AM,25.6,91,24,0.4,337.5,337.5,25.6,28.3,28.3,27.7,1007.8,0,0,0
2010/1/1,4:44 AM,25.6,91,24,0.4,337.5,337.5,25.6,28.3,28.3,27.7,1007.8,0,0,0
2010/1/1,4:45 AM,25.6,91,24,0.9,360,360,25.6,28.3,28.3,27.7,1007.8,0,0,0
2010/1/1,4:46 AM,25.5,91,23.9,0,360,360,25.5,28.2,28.2,27.6,1007.8,0,0,0
2010/1/1,4:47 AM,25.5,91,23.9,0.9,22.5,22.5,25.5,28.2,28.2,27.6,1007.8,0,0,0
2010/1/1,4:48 AM,25.5,91,23.9,0.4,360,360,25.5,28.2,28.2,27.6,1007.9,0,0,0
2010/1/1,4:49 AM,25.5,91,23.9,0.9,315,337.5,25.5,28.2,28.2,27.6,1007.9,0,0,0
2010/1/1,4:50 AM,25.5,91,23.9,0.9,22.5,337.5,25.5,28.2,28.2,27.6,1008,0,0,0
2010/1/1,4:51 AM,25.5,91,23.9,0,360,22.5,25.5,28.2,28.2,27.6,1008,0,0,0
2010/1/1,4:52 AM,25.4,91,23.9,0.4,360,360,25.4,28.1,28.1,27.5,1008,0,0,0
2010/1/1,4:53 AM,25.4,91,23.9,0.4,360,360,25.4,28.1,28.1,27.5,1008,0,0,0
2010/1/1,4:54 AM,25.4,91,23.9,0,360,360,25.4,28.1,28.1,27.5,1008,0,0,0
2010/1/1,4:55 AM,25.4,91,23.9,0,0,0,25.4,28.1,28.1,27.5,1008,0,0,0
2010/1/1,4:56 AM,25.4,92,24,0,0,0,25.4,28.2,28.2,27.6,1008,0,0,0
2010/1/1,4:57 AM,25.4,92,24,0,0,0,25.4,28.2,28.2,27.6,1007.9,0,0,0
2010/1/1,4:58 AM,25.4,91,23.9,0,0,0,25.4,28.1,28.1,27.5,1007.9,0,0,0
2010/1/1,4:59 AM,25.4,92,24,0.4,22.5,360,25.4,28.2,28.2,27.6,1007.9,0,0,0
2010/1/1,5:00 AM,25.4,92,24,0.4,22.5,22.5,25.4,28.2,28.2,27.6,1007.8,0,0,0
2010/1/1,5:01 AM,25.4,92,24,0.4,22.5,22.5,25.4,28.2,28.2,27.6,1007.9,0,0,0
2010/1/1,5:02 AM,25.4,92,24,0.4,22.5,360,25.4,28.1,28.1,27.4,1008,0,0,0
2010/1/1,5:03 AM,25.4,92,24,0,22.5,22.5,25.4,28.1,28.1,27.4,1007.9,0,0,0
2010/1/1,5:04 AM,25.4,92,24,0,22.5,22.5,25.4,28.1,28.1,27.4,1007.9,0,0,0
2010/1/1,5:05 AM,25.4,92,24,0.4,22.5,22.5,25.4,28.1,28.1,27.4,1007.9,0,0,0
2010/1/1,5:06 AM,25.4,92,24,0.4,22.5,22.5,25.4,28.1,28.1,27.4,1007.9,0,0,0
2010/1/1,5:07 AM,25.4,92,24,1.3,360,360,25.4,28.1,28.1,27.4,1007.8,0,0,0
2010/1/1,5:08 AM,25.4,92,24,0.4,337.5,337.5,25.4,28.1,28.1,27.4,1007.8,0,0,0
2010/1/1,5:09 AM,25.3,92,23.9,0,360,337.5,25.3,27.9,27.9,27.3,1007.9,0,0,0
2010/1/1,5:10 AM,25.3,92,23.9,0,0,0,25.3,27.9,27.9,27.3,1007.9,0,0,0
2010/1/1,5:11 AM,25.3,92,23.9,0,360,360,25.3,27.9,27.9,27.3,1007.8,0,0,0
2010/1/1,5:12 AM,25.3,92,23.9,0.4,360,360,25.3,27.9,27.9,27.3,1007.9,0,0,0
2010/1/1,5:13 AM,25.3,92,23.9,0.4,337.5,337.5,25.3,27.9,27.9,27.3,1008,0,0,0
2010/1/1,5:14 AM,25.3,92,23.9,0.4,337.5,337.5,25.3,27.9,27.9,27.3,1008,0,0,0
2010/1/1,5:15 AM,25.3,92,23.9,0,337.5,337.5,25.3,27.9,27.9,27.3,1007.9,0,0,0
2010/1/1,5:16 AM,25.3,92,23.9,0,0,0,25.3,27.9,27.9,27.3,1008,0,0,0
2010/1/1,5:17 AM,25.3,92,23.9,0,0,0,25.3,27.9,27.9,27.3,1007.9,0,0,0
2010/1/1,5:18 AM,25.3,92,23.9,0,0,0,25.3,27.9,27.9,27.3,1008,0,0,0
2010/1/1,5:19 AM,25.3,92,23.9,0,0,0,25.3,27.9,27.9,27.3,1007.9,0,0,0
2010/1/1,5:20 AM,25.3,92,23.9,0,0,0,25.3,27.9,27.9,27.3,1008,0,0,0
2010/1/1,5:21 AM,25.3,92,23.9,0,0,0,25.3,27.9,27.9,27.3,1008,0,0,0
2010/1/1,5:22 AM,25.3,92,23.9,0,0,0,25.3,27.8,27.8,27.2,1007.9,0,0,0
2010/1/1,5:23 AM,25.3,92,23.9,0,0,0,25.3,27.8,27.8,27.2,1008,0,0,0
2010/1/1,5:24 AM,25.3,92,23.9,0,337.5,337.5,25.3,27.8,27.8,27.2,1008,0,0,0
2010/1/1,5:25 AM,25.3,92,23.9,0.9,315,337.5,25.3,27.8,27.8,27.2,1008,0,0,0
2010/1/1,5:26 AM,25.3,92,23.9,0.4,315,315,25.3,27.8,27.8,27.2,1008,0,0,0
2010/1/1,5:27 AM,25.3,92,23.9,0,0,0,25.3,27.8,27.8,27.2,1008,0,0,0
2010/1/1,5:28 AM,25.3,92,23.9,0,0,0,25.3,27.8,27.8,27.2,1008,0,0,0
2010/1/1,5:29 AM,25.3,92,23.9,0,0,0,25.3,27.8,27.8,27.2,1008,0,0,0
2010/1/1,5:30 AM,25.3,92,23.9,0,0,0,25.3,27.8,27.8,27.2,1008,0,0,0
2010/1/1,5:31 AM,25.3,92,23.9,0,315,315,25.3,27.8,27.8,27.2,1008,0,0,0
2010/1/1,5:32 AM,25.3,92,23.9,0,0,0,25.3,27.8,27.8,27.2,1008,0,0,0
2010/1/1,5:33 AM,25.3,92,23.9,0,337.5,337.5,25.3,27.8,27.8,27.2,1008,0,0,0
2010/1/1,5:34 AM,25.3,92,23.9,0.4,337.5,337.5,25.3,27.8,27.8,27.2,1008.1,0,0,0
2010/1/1,5:35 AM,25.3,92,23.9,0.9,337.5,337.5,25.3,27.8,27.8,27.2,1008.1,0,0,0
2010/1/1,5:36 AM,25.3,92,23.9,0.9,337.5,337.5,25.3,27.9,27.9,27.3,1008,0,0,0
2010/1/1,5:37 AM,25.3,92,23.9,0.4,337.5,337.5,25.3,27.8,27.8,27.2,1008.1,0,0,0
2010/1/1,5:38 AM,25.3,92,23.9,0.4,337.5,337.5,25.3,27.8,27.8,27.2,1008.1,0,0,0
2010/1/1,5:39 AM,25.3,92,23.9,0,0,0,25.3,27.9,27.9,27.3,1008,0,0,0
2010/1/1,5:40 AM,25.3,92,23.9,0,0,0,25.3,27.9,27.9,27.3,1008.1,0,0,0
2010/1/1,5:41 AM,25.3,92,23.9,0,337.5,337.5,25.3,27.8,27.8,27.2,1008.1,0,0,0
2010/1/1,5:42 AM,25.3,92,23.9,0.4,360,360,25.3,27.8,27.8,27.2,1008.1,0,0,0
2010/1/1,5:43 AM,25.3,92,23.9,0.4,360,360,25.3,27.9,27.9,27.3,1008.1,0,0,0
2010/1/1,5:44 AM,25.3,92,23.9,0,360,360,25.3,27.8,27.8,27.2,1008.1,0,0,0
2010/1/1,5:45 AM,25.3,92,23.9,0,360,360,25.3,27.9,27.9,27.3,1008.1,0,0,0
2010/1/1,5:46 AM,25.3,92,23.9,0,360,360,25.3,27.9,27.9,27.3,1008.2,0,0,0
2010/1/1,5:47 AM,25.3,92,23.9,0,360,360,25.3,27.9,27.9,27.3,1008.2,0,0,0
2010/1/1,5:48 AM,25.3,92,23.9,0.4,360,360,25.3,27.9,27.9,27.3,1008.3,0,0,0
2010/1/1,5:49 AM,25.3,92,23.9,0,360,360,25.3,27.9,27.9,27.3,1008.2,0,0,0
2010/1/1,5:50 AM,25.3,92,23.9,0,0,0,25.3,27.9,27.9,27.3,1008.2,0,0,0
2010/1/1,5:51 AM,25.3,92,23.9,0,0,0,25.3,27.9,27.9,27.3,1008.2,0,0,0
2010/1/1,5:52 AM,25.3,92,23.9,0,0,0,25.3,27.9,27.9,27.3,1008.2,0,0,0
2010/1/1,5:53 AM,25.3,92,23.9,0,0,0,25.3,27.9,27.9,27.3,1008.2,0,0,0
2010/1/1,5:54 AM,25.3,92,23.9,0,0,0,25.3,27.9,27.9,27.3,1008.2,0,0,0
2010/1/1,5:55 AM,25.3,92,23.9,0,0,0,25.3,27.9,27.9,27.3,1008.2,0,0,0
2010/1/1,5:56 AM,25.3,92,23.9,0,292.5,292.5,25.3,27.9,27.9,27.3,1008.2,0,0,0
2010/1/1,5:57 AM,25.3,92,23.9,0,292.5,292.5,25.3,27.9,27.9,27.3,1008.2,0,0,0
2010/1/1,5:58 AM,25.3,92,23.9,0,270,292.5,25.3,27.9,27.9,27.3,1008.2,0,0,0
2010/1/1,5:59 AM,25.3,92,23.9,0,270,270,25.3,27.9,27.9,27.3,1008.3,0,0,0
2010/1/1,6:00 AM,25.3,92,23.9,0,270,270,25.3,27.9,27.9,27.3,1008.2,0,0,0
2010/1/1,6:01 AM,25.3,92,23.9,0,225,270,25.3,27.9,27.9,27.3,1008.3,0,0,0
2010/1/1,6:02 AM,25.3,92,23.9,0.4,225,225,25.3,27.9,27.9,27.3,1008.3,0,0,0
2010/1/1,6:03 AM,25.3,92,23.9,0,225,225,25.3,27.9,27.9,27.3,1008.3,0,0,0
2010/1/1,6:04 AM,25.3,92,23.9,0,0,0,25.3,27.9,27.9,27.3,1008.3,0,0,0
2010/1/1,6:05 AM,25.3,92,23.9,0,0,0,25.3,27.9,27.9,27.3,1008.3,0,0,0
2010/1/1,6:06 AM,25.3,92,23.9,0,0,0,25.3,27.9,27.9,27.3,1008.3,0,0,0
2010/1/1,6:07 AM,25.3,92,23.9,0,0,0,25.3,27.8,27.8,27.2,1008.4,0,0,0
2010/1/1,6:08 AM,25.3,92,23.9,0,0,0,25.3,27.8,27.8,27.2,1008.4,0,0,0
2010/1/1,6:09 AM,25.3,92,23.9,0,0,0,25.3,27.8,27.8,27.2,1008.4,0,0,0
2010/1/1,6:10 AM,25.3,92,23.9,0,0,0,25.3,27.8,27.8,27.2,1008.3,0,0,0
2010/1/1,6:11 AM,25.3,92,23.9,0,225,225,25.3,27.8,27.8,27.2,1008.3,0,0,0
2010/1/1,6:12 AM,25.3,92,23.9,0,247.5,225,25.3,27.8,27.8,27.2,1008.3,0,0,0
2010/1/1,6:13 AM,25.2,92,23.8,0,247.5,247.5,25.2,27.7,27.7,27.1,1008.3,0,0,0
2010/1/1,6:14 AM,25.2,92,23.8,0,247.5,247.5,25.2,27.7,27.7,27.1,1008.3,0,0,0
2010/1/1,6:15 AM,25.3,92,23.9,0,247.5,247.5,25.3,27.8,27.8,27.2,1008.3,0,0,0
2010/1/1,6:16 AM,25.2,92,23.8,0.4,270,270,25.2,27.7,27.7,27.1,1008.3,0,0,0
2010/1/1,6:17 AM,25.2,92,23.8,0.4,315,315,25.2,27.7,27.7,27.1,1008.3,0,0,0
2010/1/1,6:18 AM,25.2,92,23.8,0.4,315,315,25.2,27.7,27.7,27.1,1008.3,0,0,0
2010/1/1,6:19 AM,25.2,92,23.8,0.9,315,315,25.2,27.7,27.7,27.1,1008.3,0,0,0
2010/1/1,6:20 AM,25.2,92,23.8,0.4,337.5,337.5,25.2,27.7,27.7,27.1,1008.4,0,0,0
2010/1/1,6:21 AM,25.2,92,23.8,0.4,315,337.5,25.2,27.7,27.7,27.1,1008.4,0,0,0
2010/1/1,6:22 AM,25.3,92,23.9,0.9,337.5,337.5,25.3,27.8,27.8,27.2,1008.4,0,0,0
2010/1/1,6:23 AM,25.3,92,23.9,0.4,360,315,25.3,27.8,27.8,27.2,1008.4,0,0,0
2010/1/1,6:24 AM,25.3,92,23.9,0.4,360,360,25.3,27.8,27.8,27.2,1008.3,0,0,0
2010/1/1,6:25 AM,25.3,92,23.9,0.9,337.5,270,25.3,27.8,27.8,27.2,1008.4,0,0,0
2010/1/1,6:26 AM,25.3,92,23.9,0.4,337.5,337.5,25.3,27.8,27.8,27.2,1008.3,0,0,0
2010/1/1,6:27 AM,25.3,92,23.9,0.4,337.5,337.5,25.3,27.8,27.8,27.2,1008.3,0,0,0
2010/1/1,6:28 AM,25.3,92,23.9,0,337.5,337.5,25.3,27.8,27.8,27.2,1008.3,0,0,0
2010/1/1,6:29 AM,25.3,92,23.9,0.4,337.5,337.5,25.3,27.8,27.8,27.2,1008.4,0,0,0
2010/1/1,6:30 AM,25.3,92,23.9,0.4,337.5,337.5,25.3,27.8,27.8,27.2,1008.4,0,0,0
2010/1/1,6:31 AM,25.3,92,23.9,0.4,337.5,337.5,25.3,27.8,27.8,27.2,1008.5,0,0,0
2010/1/1,6:32 AM,25.3,92,23.9,0,337.5,337.5,25.3,27.8,27.8,27.2,1008.5,0,0,0
2010/1/1,6:33 AM,25.3,92,23.9,0,0,0,25.3,27.8,27.8,27.2,1008.5,0,0,0
2010/1/1,6:34 AM,25.3,92,23.9,0,0,0,25.3,27.8,27.8,27.2,1008.5,0,0,0
2010/1/1,6:35 AM,25.2,92,23.8,0,0,0,25.2,27.7,27.7,27.1,1008.5,0,0,0
2010/1/1,6:36 AM,25.2,92,23.8,0,0,0,25.2,27.7,27.7,27.1,1008.5,0,0,0
2010/1/1,6:37 AM,25.2,92,23.8,0,337.5,337.5,25.2,27.7,27.7,27.1,1008.5,0,0,0
2010/1/1,6:38 AM,25.3,93,24.1,0,0,0,25.3,27.9,27.9,27.3,1008.5,0,0,0
2010/1/1,6:39 AM,25.2,93,24,0,0,0,25.2,27.8,27.8,27.2,1008.5,0,0,0
2010/1/1,6:40 AM,25.2,93,24,0,0,0,25.2,27.8,27.8,27.2,1008.4,0,0,0
2010/1/1,6:41 AM,25.2,93,24,0,0,0,25.2,27.8,27.8,27.2,1008.4,0,0,0
2010/1/1,6:42 AM,25.2,93,24,0,0,0,25.2,27.8,27.8,27.2,1008.5,0,0,0
2010/1/1,6:43 AM,25.2,93,24,0,0,0,25.2,27.8,27.8,27.2,1008.4,0,0,0
2010/1/1,6:44 AM,25.2,93,24,0,0,0,25.2,27.8,27.8,27.2,1008.5,0,0,0
2010/1/1,6:45 AM,25.2,93,24,0,0,0,25.2,27.8,27.8,27.2,1008.5,0,0,0
2010/1/1,6:46 AM,25.2,93,24,0,0,0,25.2,27.8,27.8,27.2,1008.5,0,0,0
2010/1/1,6:47 AM,25.2,93,24,0,0,0,25.2,27.8,27.8,27.2,1008.5,0,0,0
2010/1/1,6:48 AM,25.2,93,24,0,0,0,25.2,27.8,27.8,27.2,1008.6,0,0,0
2010/1/1,6:49 AM,25.2,93,24,0,0,0,25.2,27.8,27.8,27.2,1008.6,0,0,0
2010/1/1,6:50 AM,25.2,93,24,0,0,0,25.2,27.8,27.8,27.2,1008.6,0,0,0
2010/1/1,6:51 AM,25.2,93,24,0,0,0,25.2,27.8,27.8,27.2,1008.6,0,0,0
2010/1/1,6:52 AM,25.2,93,24,0,0,0,25.2,27.8,27.8,27.2,1008.6,0,0,0
2010/1/1,6:53 AM,25.2,93,24,0,0,0,25.2,27.7,27.7,27.1,1008.6,0,0,0
2010/1/1,6:54 AM,25.2,93,24,0,0,0,25.2,27.7,27.7,27.1,1008.7,0,0,0
2010/1/1,6:55 AM,25.2,93,24,0,0,0,25.2,27.8,27.8,27.2,1008.7,0,0,0
2010/1/1,6:56 AM,25.2,93,24,0,0,0,25.2,27.7,27.7,27.1,1008.7,0,0,0
2010/1/1,6:57 AM,25.2,93,24,0,0,0,25.2,27.7,27.7,27.1,1008.8,0,0,0
2010/1/1,6:58 AM,25.2,93,24,0,0,0,25.2,27.7,27.7,27.1,1008.8,0,0,0
2010/1/1,6:59 AM,25.2,93,24,0,0,0,25.2,27.7,27.7,27.1,1008.8,0,0,0
2010/1/1,7:00 AM,25.2,93,24,0,0,0,25.2,27.7,27.7,27.1,1008.8,0,0,0
2010/1/1,7:01 AM,25.2,93,24,0,315,315,25.2,27.7,27.7,27.1,1008.8,0,0,0
2010/1/1,7:02 AM,25.2,93,24,0,315,315,25.2,27.7,27.7,27.1,1008.8,0,0,0
2010/1/1,7:03 AM,25.2,93,24,0,0,0,25.2,27.7,27.7,27.1,1008.7,0,0,0
2010/1/1,7:04 AM,25.2,93,24,0,0,0,25.2,27.7,27.7,27.1,1008.8,0,0,0
2010/1/1,7:05 AM,25.1,93,23.9,0,0,0,25.1,27.6,27.6,27,1008.7,0,0,0
2010/1/1,7:06 AM,25.2,93,24,0,0,0,25.2,27.7,27.7,27.1,1008.8,0,0,0
2010/1/1,7:07 AM,25.1,93,23.9,0,0,0,25.1,27.6,27.6,27,1008.8,0,0,0
2010/1/1,7:08 AM,25.1,93,23.9,0,0,0,25.1,27.6,27.6,27,1008.8,0,0,0
2010/1/1,7:09 AM,25.1,93,23.9,0,0,0,25.1,27.6,27.6,27,1008.9,0,0,0
2010/1/1,7:10 AM,25.1,93,23.9,0,0,0,25.1,27.6,27.6,27,1008.8,0,0,0
2010/1/1,7:11 AM,25.1,93,23.9,0,0,0,25.1,27.6,27.6,27,1008.9,0,0,0
2010/1/1,7:12 AM,25.1,93,23.9,0,0,0,25.1,27.6,27.6,27,1008.9,0,0,0
2010/1/1,7:13 AM,25.1,93,23.8,0,315,315,25.1,27.5,27.5,26.9,1008.9,0,0,0
2010/1/1,7:14 AM,25.1,93,23.9,0,0,0,25.1,27.6,27.6,27.1,1008.9,0,0,5
2010/1/1,7:15 AM,25.1,93,23.9,0,0,0,25.1,27.6,27.6,27.1,1009,0,0,5
2010/1/1,7:16 AM,25.1,93,23.9,0,0,0,25.1,27.6,27.6,27.1,1009,0,0,7
2010/1/1,7:17 AM,25.1,93,23.9,0,0,0,25.1,27.6,27.6,27.1,1009,0,0,8
2010/1/1,7:18 AM,25.1,93,23.9,0,315,315,25.1,27.6,27.6,27.2,1009.1,0,0,11
2010/1/1,7:19 AM,25.1,93,23.9,0,292.5,292.5,25.1,27.6,27.6,27.2,1009.1,0,0,12
2010/1/1,7:20 AM,25.1,93,23.9,0.4,247.5,247.5,25.1,27.6,27.6,27.2,1009.1,0,0,12
2010/1/1,7:21 AM,25.1,93,23.9,0.9,247.5,247.5,25.1,27.6,27.6,27.2,1009.1,0,0,14
2010/1/1,7:22 AM,25.1,93,23.8,0.4,247.5,247.5,25.1,27.5,27.5,27.1,1009.2,0,0,16
2010/1/1,7:23 AM,25.1,93,23.8,0.4,247.5,247.5,25.1,27.5,27.5,27.1,1009.2,0,0,19
2010/1/1,7:24 AM,25.1,93,23.8,0,247.5,247.5,25.1,27.5,27.5,27.2,1009.2,0,0,21
2010/1/1,7:25 AM,25.1,93,23.8,0,247.5,247.5,25.1,27.5,27.5,27.2,1009.2,0,0,21
2010/1/1,7:26 AM,25.1,93,23.8,0,0,0,25.1,27.5,27.5,27.2,1009.2,0,0,23
2010/1/1,7:27 AM,25.1,93,23.8,0,0,0,25.1,27.5,27.5,27.2,1009.2,0,0,25
2010/1/1,7:28 AM,25.1,93,23.8,0,0,0,25.1,27.5,27.5,27.2,1009.2,0,0,26
2010/1/1,7:29 AM,25.1,93,23.8,0,0,0,25.1,27.5,27.5,27.3,1009.2,0,0,28
2010/1/1,7:30 AM,25.1,93,23.8,0,247.5,247.5,25.1,27.5,27.5,27.3,1009.2,0,0,30
2010/1/1,7:31 AM,25.1,94,24,0,225,247.5,25.1,27.6,27.6,27.4,1009.2,0,0,33
2010/1/1,7:32 AM,25.1,94,24,0,0,0,25.1,27.6,27.6,27.4,1009.2,0,0,35
2010/1/1,7:33 AM,25.1,94,24,0,0,0,25.1,27.6,27.6,27.4,1009.3,0,0,37
2010/1/1,7:34 AM,25.1,94,24,0,0,0,25.1,27.6,27.6,27.5,1009.2,0,0,39
2010/1/1,7:35 AM,25.1,94,24,0,0,0,25.1,27.6,27.6,27.5,1009.2,0,0,42
2010/1/1,7:36 AM,25.1,94,24,0,0,0,25.1,27.6,27.6,27.6,1009.2,0,0,46
2010/1/1,7:37 AM,25.1,94,24,0,0,0,25.1,27.6,27.6,27.6,1009.2,0,0,47
2010/1/1,7:38 AM,25.1,94,24,0,0,0,25.1,27.6,27.6,27.6,1009.2,0,0,49
2010/1/1,7:39 AM,25.1,94,24.1,0,0,0,25.1,27.7,27.7,27.8,1009.2,0,0,51
2010/1/1,7:40 AM,25.1,94,24.1,0,225,225,25.1,27.7,27.7,27.8,1009.2,0,0,53
2010/1/1,7:41 AM,25.1,93,23.9,0,0,0,25.1,27.6,27.6,27.7,1009.3,0,0,54
2010/1/1,7:42 AM,25.1,93,23.9,0,0,0,25.1,27.6,27.6,27.8,1009.3,0,0,56
2010/1/1,7:43 AM,25.2,93,24,0,0,0,25.2,27.7,27.7,27.9,1009.3,0,0,58
2010/1/1,7:44 AM,25.2,93,24,0,0,0,25.2,27.7,27.7,27.9,1009.4,0,0,60
2010/1/1,7:45 AM,25.2,93,24,0,0,0,25.2,27.7,27.7,27.9,1009.3,0,0,60
2010/1/1,7:46 AM,25.2,93,24,0,0,0,25.2,27.7,27.7,27.9,1009.4,0,0,62
2010/1/1,7:47 AM,25.2,93,24,0,0,0,25.2,27.8,27.8,28.1,1009.4,0,0,63
2010/1/1,7:48 AM,25.2,93,24,0,0,0,25.2,27.8,27.8,28.1,1009.4,0,0,65
2010/1/1,7:49 AM,25.2,93,24,0,0,0,25.2,27.8,27.8,28.1,1009.4,0,0,65
2010/1/1,7:50 AM,25.2,93,24,0,0,0,25.2,27.8,27.8,28.1,1009.4,0,0,67
2010/1/1,7:51 AM,25.3,93,24.1,0,0,0,25.3,27.9,27.9,28.2,1009.4,0,0,69
2010/1/1,7:52 AM,25.3,93,24.1,0,0,0,25.3,27.9,27.9,28.2,1009.5,0,0,69
2010/1/1,7:53 AM,25.3,93,24.1,0,0,0,25.3,27.9,27.9,28.2,1009.5,0,0,71
2010/1/1,7:54 AM,25.3,93,24.1,0,0,0,25.3,28,28,28.4,1009.5,0,0,74
2010/1/1,7:55 AM,25.3,93,24.1,0,0,0,25.3,28,28,28.4,1009.6,0,0,76
2010/1/1,7:56 AM,25.4,93,24.2,0,0,0,25.4,28.1,28.1,28.6,1009.5,0,0,81
2010/1/1,7:57 AM,25.4,93,24.2,0.4,225,225,25.4,28.1,28.1,28.7,1009.6,0,0,84
2010/1/1,7:58 AM,25.4,93,24.2,0.4,225,225,25.4,28.2,28.2,28.9,1009.5,0,0,94
2010/1/1,7:59 AM,25.4,93,24.2,0.4,225,225,25.4,28.2,28.2,29,1009.7,0,0,104
2010/1/1,8:00 AM,25.4,93,24.2,0.4,225,225,25.4,28.2,28.2,29.1,1009.7,0,0,105
2010/1/1,8:01 AM,25.5,93,24.3,0,225,225,25.5,28.3,28.3,29.2,1009.8,0,0,105
2010/1/1,8:02 AM,25.6,93,24.3,0,0,0,25.6,28.4,28.4,29.3,1009.7,0,0,109
2010/1/1,8:03 AM,25.6,93,24.3,0,0,0,25.6,28.4,28.4,29.3,1009.8,0,0,111
2010/1/1,8:04 AM,25.6,92,24.2,0,0,0,25.6,28.5,28.5,29.4,1009.8,0,0,112
2010/1/1,8:05 AM,25.6,92,24.2,0,0,0,25.6,28.5,28.5,29.4,1009.7,0,0,109
2010/1/1,8:06 AM,25.7,92,24.3,0,0,0,25.7,28.6,28.6,29.4,1009.8,0,0,107
2010/1/1,8:07 AM,25.7,92,24.3,0,0,0,25.7,28.7,28.7,29.5,1009.8,0,0,104
2010/1/1,8:08 AM,25.7,92,24.3,0,225,225,25.7,28.7,28.7,29.6,1009.8,0,0,105
2010/1/1,8:09 AM,25.8,91,24.2,0,225,225,25.8,28.7,28.7,29.6,1009.8,0,0,107
2010/1/1,8:10 AM,25.8,91,24.3,0,0,0,25.8,28.8,28.8,29.7,1009.8,0,0,110
2010/1/1,8:11 AM,25.8,91,24.3,0,0,0,25.8,28.8,28.8,29.8,1009.8,0,0,116
2010/1/1,8:12 AM,25.9,91,24.3,0,0,0,25.9,28.9,28.9,29.9,1009.8,0,0,120
2010/1/1,8:13 AM,25.9,91,24.4,0,0,0,25.9,29.1,29.1,30.1,1009.7,0,0,120
2010/1/1,8:14 AM,26,91,24.4,0,0,0,26,29.2,29.2,30.2,1009.8,0,0,123
2010/1/1,8:15 AM,26,91,24.4,0,0,0,26,29.2,29.2,30.3,1009.8,0,0,127
2010/1/1,8:16 AM,26.1,91,24.5,0,0,0,26.1,29.3,29.3,30.5,1009.9,0,0,133
2010/1/1,8:17 AM,26.1,91,24.5,0,225,225,26.1,29.4,29.4,30.7,1009.8,0,0,141
2010/1/1,8:18 AM,26.2,90,24.4,0.4,225,225,26.2,29.4,29.4,30.8,1009.8,0,0,148
2010/1/1,8:19 AM,26.2,90,24.4,0,225,225,26.2,29.4,29.4,30.8,1009.9,0,0,153
2010/1/1,8:20 AM,26.3,90,24.5,0,0,0,26.3,29.6,29.6,31.1,1009.9,0,0,156
2010/1/1,8:21 AM,26.3,90,24.5,0,0,0,26.3,29.6,29.6,31.2,1009.9,0,0,160
2010/1/1,8:22 AM,26.3,89,24.4,0,0,0,26.3,29.6,29.6,31.2,1009.9,0,0,163
2010/1/1,8:23 AM,26.4,89,24.4,0,0,0,26.4,29.7,29.7,31.4,1010,0,0,172
2010/1/1,8:24 AM,26.4,89,24.5,0,0,0,26.4,29.8,29.8,31.7,1009.9,0,0,178
2010/1/1,8:25 AM,26.5,89,24.5,0,0,0,26.5,29.9,29.9,31.8,1009.9,0,0,183
2010/1/1,8:26 AM,26.6,89,24.6,0,0,0,26.6,30.1,30.1,31.9,1010,0,0,185
2010/1/1,8:27 AM,26.6,89,24.6,0.4,225,247.5,26.6,30.2,30.2,32.2,1010,0,0,190
2010/1/1,8:28 AM,26.7,88,24.5,0,292.5,247.5,26.7,30.2,30.2,32.3,1010,0,0,199
2010/1/1,8:29 AM,26.7,88,24.6,0,292.5,292.5,26.7,30.3,30.3,32.5,1010,0,0,206
2010/1/1,8:30 AM,26.7,88,24.6,0,292.5,292.5,26.7,30.3,30.3,32.6,1010,0,0,213
2010/1/1,8:31 AM,26.8,88,24.6,0,292.5,292.5,26.8,30.4,30.4,32.8,1010.1,0,0,220
2010/1/1,8:32 AM,26.8,88,24.7,0.4,292.5,292.5,26.8,30.6,30.6,32.9,1010.1,0,0,221
2010/1/1,8:33 AM,26.9,87,24.5,0.9,292.5,292.5,26.9,30.6,30.6,32.9,1010.1,0,0,223
2010/1/1,8:34 AM,26.9,87,24.6,0,292.5,292.5,26.9,30.7,30.7,33.2,1010.1,0,0,229
2010/1/1,8:35 AM,26.9,87,24.6,0.4,292.5,292.5,26.9,30.7,30.7,33.2,1010.1,0,0,229
2010/1/1,8:36 AM,26.9,87,24.6,0.9,360,337.5,26.9,30.7,30.7,33.1,1010.2,0,0,227
2010/1/1,8:37 AM,27,86,24.5,0.9,360,360,27,30.7,30.7,33.1,1010.2,0,0,227
2010/1/1,8:38 AM,27,86,24.5,1.3,360,360,27,30.7,30.7,33.1,1010.2,0,0,227
2010/1/1,8:39 AM,27,86,24.5,0.4,360,360,27,30.7,30.7,33.2,1010.2,0,0,232
2010/1/1,8:40 AM,26.9,86,24.4,0.4,360,360,26.9,30.6,30.6,33.2,1010.2,0,0,241
2010/1/1,8:41 AM,26.9,87,24.6,0.4,360,22.5,26.9,30.7,30.7,33.4,1010.1,0,0,246
2010/1/1,8:42 AM,26.9,87,24.6,0.4,22.5,22.5,26.9,30.7,30.7,33.5,1010.1,0,0,250
2010/1/1,8:43 AM,27,86,24.5,0.4,22.5,22.5,27,30.7,30.7,33.6,1010.1,0,0,253
2010/1/1,8:44 AM,27,86,24.5,0.4,22.5,22.5,27,30.7,30.7,33.6,1010.2,0,0,260
2010/1/1,8:45 AM,27,86,24.5,0.4,22.5,360,27,30.7,30.7,33.7,1010.2,0,0,268
2010/1/1,8:46 AM,27.1,86,24.5,0,22.5,22.5,27.1,30.8,30.8,33.9,1010.2,0,0,272
2010/1/1,8:47 AM,27.1,86,24.5,0.9,22.5,22.5,27.1,30.8,30.8,33.9,1010.2,0,0,272
2010/1/1,8:48 AM,27.1,86,24.6,0,22.5,22.5,27.1,30.9,30.9,34.1,1010.3,0,0,274
2010/1/1,8:49 AM,27.1,86,24.6,0,22.5,22.5,27.1,30.9,30.9,34.1,1010.3,0,0,279
2010/1/1,8:50 AM,27.2,86,24.6,0,22.5,22.5,27.2,31.1,31.1,34.4,1010.3,0,0,287
2010/1/1,8:51 AM,27.2,86,24.6,0.9,360,360,27.2,31.1,31.1,34.4,1010.2,0,0,286
2010/1/1,8:52 AM,27.2,85,24.5,0.4,360,360,27.2,31,31,34.4,1010.2,0,0,294
2010/1/1,8:53 AM,27.2,86,24.7,0,0,0,27.2,31.2,31.2,34.6,1010.2,0,0,294
2010/1/1,8:54 AM,27.3,85,24.5,0,360,360,27.3,31.2,31.2,34.6,1010.2,0,0,297
2010/1/1,8:55 AM,27.3,85,24.5,0.4,360,360,27.3,31.2,31.2,34.7,1010.2,0,0,304
2010/1/1,8:56 AM,27.3,85,24.6,0.9,360,360,27.3,31.3,31.3,34.8,1010.1,0,0,306
2010/1/1,8:57 AM,27.3,85,24.6,0.4,360,360,27.3,31.3,31.3,34.9,1010.2,0,0,311
2010/1/1,8:58 AM,27.4,85,24.6,0.9,22.5,22.5,27.4,31.4,31.4,35.2,1010.2,0,0,318
2010/1/1,8:59 AM,27.4,85,24.7,1.3,22.5,360,27.4,31.6,31.6,35.4,1010.2,0,0,325
2010/1/1,9:00 AM,27.4,85,24.7,0.9,360,360,27.4,31.6,31.6,35.3,1010.3,0,0,315
2010/1/1,9:01 AM,27.4,85,24.7,0.9,45,360,27.4,31.6,31.6,35.2,1010.2,0,0,308
2010/1/1,9:02 AM,27.5,85,24.8,0.4,45,45,27.5,31.7,31.7,35.3,1010.3,0,0,302
2010/1/1,9:03 AM,27.6,85,24.8,1.3,22.5,22.5,27.6,31.9,31.9,35.4,1010.3,0,0,305
2010/1/1,9:04 AM,27.5,84,24.6,1.8,22.5,22.5,27.5,31.6,31.6,35.1,1010.3,0,0,306
2010/1/1,9:05 AM,27.5,84,24.6,0.9,360,360,27.5,31.6,31.6,35.1,1010.3,0,0,306
2010/1/1,9:06 AM,27.5,84,24.6,1.3,22.5,22.5,27.5,31.6,31.6,35.1,1010.3,0,0,301
2010/1/1,9:07 AM,27.5,84,24.6,1.3,22.5,22.5,27.5,31.6,31.6,35,1010.4,0,0,294
2010/1/1,9:08 AM,27.4,83,24.3,1.3,22.5,22.5,27.4,31.3,31.3,34.7,1010.3,0,0,294
2010/1/1,9:09 AM,27.4,84,24.5,1.8,22.5,45,27.4,31.4,31.4,34.7,1010.3,0,0,279
2010/1/1,9:10 AM,27.4,84,24.5,0.4,45,45,27.4,31.4,31.4,34.1,1010.4,0,0,243
2010/1/1,9:11 AM,27.4,84,24.5,0.4,45,45,27.4,31.4,31.4,33.9,1010.4,0,0,225
2010/1/1,9:12 AM,27.4,84,24.5,0,0,0,27.4,31.4,31.4,33.7,1010.3,0,0,214
2010/1/1,9:13 AM,27.4,84,24.5,0.9,22.5,22.5,27.4,31.4,31.4,33.6,1010.4,0,0,200
2010/1/1,9:14 AM,27.4,84,24.5,1.3,22.5,45,27.4,31.4,31.4,33.4,1010.3,0,0,188
2010/1/1,9:15 AM,27.4,84,24.5,0.4,45,45,27.4,31.4,31.4,33.5,1010.4,0,0,195
2010/1/1,9:16 AM,27.4,84,24.5,0,45,45,27.4,31.4,31.4,34,1010.4,0,0,232
2010/1/1,9:17 AM,27.4,84,24.5,0,45,360,27.4,31.4,31.4,34.9,1010.4,0,0,299
2010/1/1,9:18 AM,27.4,84,24.5,0.9,360,360,27.4,31.4,31.4,35.6,1010.4,0,0,346
2010/1/1,9:19 AM,27.4,84,24.5,1.3,360,360,27.4,31.4,31.4,35.9,1010.4,0,0,369
2010/1/1,9:20 AM,27.4,85,24.7,0.9,360,360,27.4,31.6,31.6,35.7,1010.5,0,0,345
2010/1/1,9:21 AM,27.4,84,24.5,0.9,45,45,27.4,31.4,31.4,36.4,1010.3,0,0,408
2010/1/1,9:22 AM,27.4,84,24.5,2.2,22.5,22.5,27.4,31.4,31.4,36.7,1010.4,0,0,429
2010/1/1,9:23 AM,27.4,84,24.5,1.8,360,22.5,27.4,31.4,31.4,36.7,1010.5,0,0,432
2010/1/1,9:24 AM,27.4,84,24.5,1.8,22.5,22.5,27.4,31.4,31.4,36.7,1010.4,0,0,432
2010/1/1,9:25 AM,27.4,84,24.5,2.2,22.5,45,27.4,31.4,31.4,36.8,1010.4,0,0,443
2010/1/1,9:26 AM,27.4,83,24.2,2.2,22.5,22.5,27.4,31.1,31.1,35.7,1010.4,0,0,385
2010/1/1,9:27 AM,27.3,83,24.2,3.6,45,45,27.1,31,30.8,35.6,1010.4,0,0,422
2010/1/1,9:28 AM,27.3,83,24.2,3.1,45,45,27.3,31,31,36.3,1010.4,0,0,443
2010/1/1,9:29 AM,27.3,83,24.1,3.1,45,22.5,27.3,30.8,30.8,36.1,1010.4,0,0,443
2010/1/1,9:30 AM,27.3,83,24.1,2.2,22.5,22.5,27.3,30.8,30.8,36.2,1010.4,0,0,443
2010/1/1,9:31 AM,27.3,83,24.1,1.8,45,22.5,27.3,30.8,30.8,36.7,1010.5,0,0,480
2010/1/1,9:32 AM,27.3,83,24.1,3.1,67.5,67.5,27.3,30.8,30.8,36.8,1010.4,0,0,491
2010/1/1,9:33 AM,27.3,83,24.1,2.7,67.5,45,27.3,30.8,30.8,36.8,1010.4,0,0,485
2010/1/1,9:34 AM,27.3,84,24.3,1.8,45,22.5,27.3,31,31,36.6,1010.5,0,0,457
2010/1/1,9:35 AM,27.3,83,24.2,2.2,360,22.5,27.3,31,31,36.9,1010.5,0,0,480
2010/1/1,9:36 AM,27.3,83,24.2,2.2,22.5,45,27.3,31,31,36.9,1010.5,0,0,485
2010/1/1,9:37 AM,27.4,83,24.2,3.1,45,45,27.4,31.1,31.1,37.2,1010.5,0,0,504
2010/1/1,9:38 AM,27.4,83,24.2,3.6,45,22.5,27.2,31.1,30.9,36.1,1010.5,0,0,456
2010/1/1,9:39 AM,27.4,83,24.2,3.1,22.5,45,27.4,31.1,31.1,36.7,1010.5,0,0,462
2010/1/1,9:40 AM,27.4,83,24.2,1.8,22.5,360,27.4,31.1,31.1,36.5,1010.6,0,0,441
2010/1/1,9:41 AM,27.4,83,24.2,1.8,22.5,360,27.4,31.1,31.1,37.2,1010.5,0,0,497
2010/1/1,9:42 AM,27.4,84,24.4,0.9,360,360,27.4,31.3,31.3,37.9,1010.6,0,0,534
2010/1/1,9:43 AM,27.4,84,24.5,0.9,22.5,22.5,27.4,31.4,31.4,38.1,1010.5,0,0,534
2010/1/1,9:44 AM,27.5,84,24.6,1.3,360,360,27.5,31.6,31.6,38.2,1010.5,0,0,534
2010/1/1,9:45 AM,27.6,84,24.6,1.3,360,22.5,27.6,31.7,31.7,38.5,1010.5,0,0,547
2010/1/1,9:46 AM,27.6,83,24.4,1.3,22.5,22.5,27.6,31.6,31.6,37.9,1010.6,0,0,517
2010/1/1,9:47 AM,27.6,83,24.5,1.3,360,360,27.6,31.7,31.7,37.6,1010.5,0,0,480
2010/1/1,9:48 AM,27.6,83,24.5,0.4,337.5,337.5,27.6,31.7,31.7,37.2,1010.5,0,0,452
2010/1/1,9:49 AM,27.7,83,24.5,0.9,45,45,27.7,31.8,31.8,37.4,1010.6,0,0,452
2010/1/1,9:50 AM,27.7,83,24.6,0.4,45,22.5,27.7,31.9,31.9,35.4,1010.5,0,0,298
2010/1/1,9:51 AM,27.8,83,24.6,1.3,45,45,27.8,32.1,32.1,35.7,1010.5,0,0,304
2010/1/1,9:52 AM,27.8,83,24.6,2.2,337.5,337.5,27.8,32.1,32.1,36,1010.5,0,0,329
2010/1/1,9:53 AM,27.8,82,24.5,0.4,45,22.5,27.8,32.1,32.1,35.1,1010.5,0,0,260
2010/1/1,9:54 AM,27.8,82,24.5,0.9,45,360,27.8,32.1,32.1,34.7,1010.5,0,0,234
2010/1/1,9:55 AM,27.8,81,24.3,2.7,22.5,45,27.8,31.9,31.9,34.3,1010.5,0,0,223
2010/1/1,9:56 AM,27.8,81,24.3,1.3,337.5,45,27.8,31.9,31.9,34.3,1010.5,0,0,220
2010/1/1,9:57 AM,27.8,82,24.5,0.9,45,22.5,27.8,32.1,32.1,34.4,1010.6,0,0,214
2010/1/1,9:58 AM,27.8,82,24.5,1.8,45,337.5,27.8,32.1,32.1,34.6,1010.7,0,0,225
2010/1/1,9:59 AM,27.8,81,24.3,1.3,45,22.5,27.8,31.9,31.9,34.4,1010.6,0,0,225
2010/1/1,10:00 AM,27.8,81,24.2,1.8,45,22.5,27.8,31.8,31.8,34.1,1010.6,0,0,214
2010/1/1,10:01 AM,27.8,82,24.4,0.9,360,360,27.8,31.9,31.9,34.3,1010.6,0,0,221
2010/1/1,10:02 AM,27.8,82,24.4,0,337.5,337.5,27.8,31.9,31.9,34.6,1010.6,0,0,243
2010/1/1,10:03 AM,27.8,82,24.5,0.9,360,22.5,27.8,32.1,32.1,35.6,1010.6,0,0,294
2010/1/1,10:04 AM,27.8,81,24.3,0.9,360,360,27.8,31.9,31.9,34.9,1010.6,0,0,264
2010/1/1,10:05 AM,27.8,81,24.3,1.3,67.5,45,27.8,31.9,31.9,34.6,1010.7,0,0,239
2010/1/1,10:06 AM,27.8,81,24.3,1.8,337.5,22.5,27.8,31.9,31.9,34.6,1010.7,0,0,239
2010/1/1,10:07 AM,27.8,81,24.3,0.4,360,22.5,27.8,31.9,31.9,38.4,1010.7,0,0,524
2010/1/1,10:08 AM,27.8,81,24.3,1.3,315,360,27.8,31.9,31.9,38.4,1010.7,0,0,526
2010/1/1,10:09 AM,27.8,81,24.3,2.2,360,360,27.8,31.9,31.9,38.4,1010.6,0,0,526
2010/1/1,10:10 AM,27.8,81,24.3,1.3,22.5,360,27.8,31.9,31.9,38.4,1010.6,0,0,526
2010/1/1,10:11 AM,27.8,81,24.3,1.8,45,360,27.8,31.9,31.9,38.4,1010.6,0,0,526
2010/1/1,10:12 AM,27.8,81,24.3,0.4,45,337.5,27.8,31.9,31.9,38.4,1010.6,0,0,526
2010/1/1,10:13 AM,27.9,81,24.3,2.2,22.5,22.5,27.9,32.1,32.1,38.6,1010.6,0,0,526
2010/1/1,10:14 AM,27.9,81,24.3,2.7,360,360,27.9,32.1,32.1,38.6,1010.6,0,0,526
2010/1/1,10:15 AM,27.9,81,24.3,2.2,22.5,45,27.9,32.1,32.1,36,1010.7,0,0,332
2010/1/1,10:16 AM,27.9,81,24.4,2.2,22.5,22.5,27.9,32.2,32.2,36.1,1010.6,0,0,332
2010/1/1,10:17 AM,27.9,80,24.2,3.6,22.5,22.5,27.8,32.1,31.9,38.8,1010.6,0,0,589
2010/1/1,10:18 AM,27.9,80,24.2,3.1,22.5,22.5,27.9,32.1,32.1,39.1,1010.7,0,0,578
2010/1/1,10:19 AM,27.9,80,24.2,3.1,45,45,27.9,32.1,32.1,39.5,1010.7,0,0,610
2010/1/1,10:20 AM,27.9,80,24.2,2.2,22.5,22.5,27.9,32.1,32.1,39.8,1010.7,0,0,617
2010/1/1,10:21 AM,27.9,80,24.2,2.7,22.5,45,27.9,32.1,32.1,39.4,1010.7,0,0,591
2010/1/1,10:22 AM,27.9,80,24.2,2.2,360,360,27.9,32.1,32.1,39.4,1010.8,0,0,591
2010/1/1,10:23 AM,28,80,24.2,2.2,22.5,22.5,28,32.2,32.2,39.4,1010.7,0,0,575
2010/1/1,10:24 AM,28,80,24.2,1.3,360,315,28,32.2,32.2,39.6,1010.7,0,0,592
2010/1/1,10:25 AM,28.1,80,24.3,1.8,360,360,28.1,32.4,32.4,40.1,1010.8,0,0,612
2010/1/1,10:26 AM,28.1,79,24.1,1.8,360,360,28.1,32.4,32.4,40.4,1010.8,0,0,638
2010/1/1,10:27 AM,28.2,79,24.2,2.7,22.5,45,28.2,32.6,32.6,40.6,1010.7,0,0,642
2010/1/1,10:28 AM,28.2,79,24.2,2.2,22.5,45,28.2,32.6,32.6,40.7,1010.7,0,0,650
2010/1/1,10:29 AM,28.2,79,24.2,3.1,22.5,360,28.2,32.7,32.7,40.7,1010.7,0,0,654
2010/1/1,10:30 AM,28.2,78,24,3.6,45,45,28.1,32.5,32.3,40.1,1010.7,0,0,654
2010/1/1,10:31 AM,28.3,78,24.1,4,22.5,22.5,27.8,32.7,32.2,35.7,1010.7,0,0,325
2010/1/1,10:32 AM,28.2,78,24,2.7,22.5,360,28.2,32.5,32.5,36.3,1010.7,0,0,325
2010/1/1,10:33 AM,28.2,78,24,3.1,22.5,22.5,28.2,32.5,32.5,36.2,1010.7,0,0,325
2010/1/1,10:34 AM,28.2,79,24.2,3.1,22.5,22.5,28.2,32.7,32.7,35.3,1010.8,0,0,243
2010/1/1,10:35 AM,28.2,79,24.2,2.2,22.5,22.5,28.2,32.7,32.7,35.6,1010.7,0,0,255
2010/1/1,10:36 AM,28.2,79,24.2,2.2,22.5,360,28.2,32.6,32.6,35.4,1010.8,0,0,255
2010/1/1,10:37 AM,28.2,79,24.2,1.3,67.5,22.5,28.2,32.6,32.6,40.8,1010.7,0,0,656
2010/1/1,10:38 AM,28.2,79,24.2,1.8,45,22.5,28.2,32.7,32.7,40.9,1010.7,0,0,654
2010/1/1,10:39 AM,28.2,79,24.2,1.8,67.5,67.5,28.2,32.7,32.7,40.7,1010.7,0,0,642
2010/1/1,10:40 AM,28.3,79,24.3,2.2,22.5,22.5,28.3,32.8,32.8,40.8,1010.7,0,0,638
2010/1/1,10:41 AM,28.3,78,24.1,3.1,22.5,360,28.3,32.7,32.7,40.5,1010.7,0,0,638
2010/1/1,10:42 AM,28.3,78,24.1,2.2,22.5,22.5,28.3,32.8,32.8,41.1,1010.7,0,0,656
2010/1/1,10:43 AM,28.3,78,24.1,2.2,360,22.5,28.3,32.8,32.8,41.1,1010.7,0,0,656
2010/1/1,10:44 AM,28.3,77,23.9,3.1,22.5,22.5,28.3,32.6,32.6,40.7,1010.7,0,0,656
2010/1/1,10:45 AM,28.3,77,23.9,3.1,22.5,45,28.3,32.6,32.6,40.7,1010.7,0,0,656
2010/1/1,10:46 AM,28.3,78,24.1,2.7,45,45,28.3,32.8,32.8,41.1,1010.7,0,0,657
2010/1/1,10:47 AM,28.4,78,24.2,1.8,45,45,28.4,32.9,32.9,41.3,1010.7,0,0,663
2010/1/1,10:48 AM,28.4,78,24.2,1.8,360,45,28.4,32.9,32.9,41.3,1010.7,0,0,662
2010/1/1,10:49 AM,28.4,78,24.2,1.8,360,360,28.4,32.9,32.9,41.1,1010.7,0,0,645
2010/1/1,10:50 AM,28.4,77,24,3.1,360,360,28.4,32.9,32.9,40.4,1010.7,0,0,612
2010/1/1,10:51 AM,28.5,76,23.9,2.7,360,337.5,28.5,32.9,32.9,40.5,1010.6,0,0,610
2010/1/1,10:52 AM,28.6,76,23.9,3.1,360,360,28.6,33.1,33.1,40.6,1010.7,0,0,613
2010/1/1,10:53 AM,28.6,76,24,1.3,22.5,360,28.6,33.2,33.2,40.8,1010.6,0,0,613
2010/1/1,10:54 AM,28.7,76,24,1.8,22.5,22.5,28.7,33.3,33.3,41.8,1010.6,0,0,666
2010/1/1,10:55 AM,28.7,76,24,2.7,337.5,360,28.7,33.3,33.3,41.9,1010.6,0,0,679
2010/1/1,10:56 AM,28.7,75,23.8,3.1,360,360,28.7,33.3,33.3,41.6,1010.5,0,0,675
2010/1/1,10:57 AM,28.7,75,23.8,3.1,360,337.5,28.7,33.3,33.3,41.7,1010.5,0,0,686
2010/1/1,10:58 AM,28.7,74,23.6,3.6,360,360,28.6,33.1,32.9,40.9,1010.6,0,0,677
2010/1/1,10:59 AM,28.7,74,23.6,2.7,337.5,360,28.7,33.1,33.1,41.8,1010.5,0,0,689
2010/1/1,11:00 AM,28.7,75,23.8,2.2,337.5,337.5,28.7,33.3,33.3,41.9,1010.6,0,0,686
2010/1/1,11:01 AM,28.7,75,23.8,1.3,360,337.5,28.7,33.3,33.3,41.4,1010.6,0,0,647
2010/1/1,11:02 AM,28.8,75,23.9,1.8,337.5,337.5,28.8,33.4,33.4,41.3,1010.6,0,0,629
2010/1/1,11:03 AM,28.8,74,23.7,1.8,315,337.5,28.8,33.2,33.2,41,1010.6,0,0,622
2010/1/1,11:04 AM,28.8,75,24,1.8,360,22.5,28.8,33.6,33.6,41.1,1010.6,0,0,603
2010/1/1,11:05 AM,28.9,73,23.6,1.3,360,337.5,28.9,33.3,33.3,40.6,1010.6,0,0,580
2010/1/1,11:06 AM,28.9,73,23.6,1.3,360,360,28.9,33.4,33.4,40.8,1010.6,0,0,595
2010/1/1,11:07 AM,28.9,73,23.6,2.2,337.5,360,28.9,33.4,33.4,41.2,1010.6,0,0,621
2010/1/1,11:08 AM,28.9,73,23.6,1.8,22.5,337.5,28.9,33.4,33.4,41.7,1010.5,0,0,659
2010/1/1,11:09 AM,29,73,23.7,1.8,360,360,29,33.6,33.6,41.8,1010.5,0,0,661
2010/1/1,11:10 AM,29.1,73,23.7,2.2,360,315,29.1,33.7,33.7,42.3,1010.5,0,0,686
2010/1/1,11:11 AM,29.1,72,23.5,2.2,360,360,29.1,33.4,33.4,41.9,1010.5,0,0,673
2010/1/1,11:12 AM,29.1,72,23.5,0.9,22.5,22.5,29.1,33.6,33.6,42.2,1010.5,0,0,684
2010/1/1,11:13 AM,29.2,72,23.6,1.3,22.5,45,29.2,33.7,33.7,42.6,1010.4,0,0,707
2010/1/1,11:14 AM,29.2,71,23.4,1.8,45,45,29.2,33.5,33.5,42.3,1010.4,0,0,696
2010/1/1,11:15 AM,29.2,72,23.7,0.9,22.5,45,29.2,33.8,33.8,42.6,1010.3,0,0,696
2010/1/1,11:16 AM,29.3,71,23.5,0.9,22.5,22.5,29.3,33.7,33.7,42.3,1010.3,0,0,687
2010/1/1,11:17 AM,29.3,71,23.5,2.2,45,337.5,29.3,33.8,33.8,42.6,1010.4,0,0,693
2010/1/1,11:18 AM,29.4,71,23.6,1.3,67.5,67.5,29.4,33.9,33.9,42.7,1010.4,0,0,695
2010/1/1,11:19 AM,29.4,71,23.6,1.8,360,45,29.4,34,34,42.7,1010.4,0,0,689
2010/1/1,11:20 AM,29.5,71,23.7,2.2,22.5,22.5,29.5,34.2,34.2,43.2,1010.4,0,0,714
2010/1/1,11:21 AM,29.5,71,23.7,2.2,45,45,29.5,34.2,34.2,43.1,1010.3,0,0,707
2010/1/1,11:22 AM,29.5,71,23.7,2.2,22.5,22.5,29.5,34.2,34.2,43.4,1010.3,0,0,729
2010/1/1,11:23 AM,29.5,71,23.7,3.1,45,360,29.5,34.2,34.2,43.3,1010.3,0,0,739
2010/1/1,11:24 AM,29.5,71,23.7,2.7,360,360,29.5,34.2,34.2,43.4,1010.2,0,0,731
2010/1/1,11:25 AM,29.4,71,23.6,2.2,22.5,22.5,29.4,34,34,43.2,1010.2,0,0,729
2010/1/1,11:26 AM,29.4,70,23.3,3.6,22.5,45,29.3,33.7,33.6,42.1,1010.2,0,0,710
2010/1/1,11:27 AM,29.4,70,23.3,1.8,22.5,22.5,29.4,33.7,33.7,42.8,1010.2,0,0,714
2010/1/1,11:28 AM,29.3,71,23.5,2.2,360,337.5,29.3,33.8,33.8,43.2,1010.2,0,0,738
2010/1/1,11:29 AM,29.3,71,23.5,1.8,22.5,360,29.3,33.8,33.8,43.1,1010.1,0,0,737
2010/1/1,11:30 AM,29.4,71,23.6,1.8,22.5,360,29.4,33.9,33.9,43.1,1010.2,0,0,729
2010/1/1,11:31 AM,29.4,71,23.6,2.7,360,360,29.4,33.9,33.9,43.2,1010.1,0,0,733
2010/1/1,11:32 AM,29.4,71,23.6,1.8,360,22.5,29.4,34,34,43.1,1010.1,0,0,714
2010/1/1,11:33 AM,29.4,71,23.6,1.8,22.5,45,29.4,34,34,43.2,1010.1,0,0,722
2010/1/1,11:34 AM,29.5,71,23.7,2.2,360,22.5,29.5,34.2,34.2,43.3,1010.1,0,0,724
2010/1/1,11:35 AM,29.5,71,23.7,1.8,22.5,22.5,29.5,34.2,34.2,43.4,1010.1,0,0,727
2010/1/1,11:36 AM,29.6,71,23.7,1.3,360,360,29.6,34.3,34.3,43.4,1010,0,0,724
2010/1/1,11:37 AM,29.6,72,24,2.2,360,360,29.6,34.5,34.5,43.6,1010.1,0,0,712
2010/1/1,11:38 AM,29.6,71,23.7,1.8,360,22.5,29.6,34.3,34.3,43.2,1010,0,0,701
2010/1/1,11:39 AM,29.6,71,23.7,1.3,45,45,29.6,34.3,34.3,43.1,1010,0,0,700
2010/1/1,11:40 AM,29.6,71,23.7,2.2,22.5,45,29.6,34.3,34.3,43.2,1010,0,0,705
2010/1/1,11:41 AM,29.6,71,23.8,1.8,360,360,29.6,34.4,34.4,43.5,1010,0,0,716
2010/1/1,11:42 AM,29.7,71,23.8,1.3,360,360,29.7,34.6,34.6,43.7,1010,0,0,721
2010/1/1,11:43 AM,29.7,71,23.9,1.8,360,22.5,29.7,34.7,34.7,43.8,1009.9,0,0,722
2010/1/1,11:44 AM,29.7,71,23.9,3.6,22.5,360,29.6,34.7,34.6,43.2,1010,0,0,729
2010/1/1,11:45 AM,29.7,71,23.9,4.9,22.5,45,29.1,34.7,34.1,41.8,1009.9,0,0,731
2010/1/1,11:46 AM,29.7,71,23.8,3.1,360,22.5,29.7,34.6,34.6,43.6,1009.9,0,0,729
2010/1/1,11:47 AM,29.6,70,23.5,3.6,22.5,22.5,29.4,34.1,34,42.8,1009.9,0,0,742
2010/1/1,11:48 AM,29.5,71,23.7,3.1,22.5,360,29.5,34.2,34.2,43.7,1009.9,0,0,766
2010/1/1,11:49 AM,29.4,71,23.6,2.7,22.5,22.5,29.4,34,34,43.6,1009.9,0,0,758
2010/1/1,11:50 AM,29.4,71,23.6,1.8,22.5,22.5,29.4,33.9,33.9,43.6,1009.9,0,0,761
2010/1/1,11:51 AM,29.3,72,23.8,2.7,22.5,22.5,29.3,34,34,43.8,1009.9,0,0,770
2010/1/1,11:52 AM,29.3,72,23.8,1.8,22.5,22.5,29.3,34,34,43.8,1009.9,0,0,772
2010/1/1,11:53 AM,29.3,72,23.8,2.2,22.5,22.5,29.3,34,34,43.4,1009.9,0,0,740
2010/1/1,11:54 AM,29.3,73,24,2.7,22.5,22.5,29.3,34.2,34.2,43.7,1009.8,0,0,751
2010/1/1,11:55 AM,29.4,73,24,2.2,337.5,360,29.4,34.3,34.3,43.8,1009.7,0,0,752
2010/1/1,11:56 AM,29.4,72,23.9,1.8,360,22.5,29.4,34.2,34.2,43.9,1009.8,0,0,759
2010/1/1,11:57 AM,29.6,72,24,2.7,360,360,29.6,34.5,34.5,43.9,1009.7,0,0,737
2010/1/1,11:58 AM,29.6,71,23.8,2.2,337.5,337.5,29.6,34.4,34.4,43.6,1009.7,0,0,717
2010/1/1,11:59 AM,29.7,71,23.8,0.4,315,315,29.7,34.6,34.6,43.1,1009.7,0,0,677
2010/1/1,12:00 PM,29.7,71,23.9,1.3,22.5,360,29.7,34.7,34.7,43.9,1009.7,0,0,731
2010/1/1,12:01 PM,29.8,71,24,0.9,360,22.5,29.8,34.8,34.8,44.2,1009.7,0,0,737
2010/1/1,12:02 PM,29.8,71,24,0.4,22.5,22.5,29.8,34.9,34.9,45.1,1009.7,0,0,795
2010/1/1,12:03 PM,29.9,70,23.9,4,45,22.5,29.7,35.1,34.8,44.1,1009.7,0,0,810
2010/1/1,12:04 PM,29.9,70,23.9,4,45,45,29.7,35.1,34.8,44.4,1009.6,0,0,831
2010/1/1,12:05 PM,29.9,71,24.1,2.7,22.5,22.5,29.9,35.2,35.2,45.8,1009.7,0,0,831
2010/1/1,12:06 PM,29.9,71,24.1,1.3,360,337.5,29.9,35.2,35.2,45.8,1009.6,0,0,830
2010/1/1,12:07 PM,29.9,71,24.1,1.8,22.5,360,29.9,35.2,35.2,45.8,1009.6,0,0,824
2010/1/1,12:08 PM,30,71,24.2,3.6,22.5,22.5,29.9,35.3,35.2,45.2,1009.5,0,0,835
2010/1/1,12:09 PM,30,71,24.2,2.7,360,360,30,35.3,35.3,45.9,1009.5,0,0,831
2010/1/1,12:10 PM,30,71,24.2,0.9,337.5,337.5,30,35.3,35.3,46.1,1009.4,0,0,843
2010/1/1,12:11 PM,30.1,71,24.2,2.2,337.5,360,30.1,35.5,35.5,46.3,1009.5,0,0,842
2010/1/1,12:12 PM,30.1,70,24,2.7,22.5,292.5,30.1,35.3,35.3,46.2,1009.4,0,0,854
2010/1/1,12:13 PM,30.1,71,24.3,3.1,45,45,30.1,35.6,35.6,46.6,1009.4,0,0,877
2010/1/1,12:14 PM,30.1,71,24.2,3.1,22.5,22.5,30.1,35.5,35.5,46.4,1009.2,0,0,877
2010/1/1,12:15 PM,30.1,70,24,3.6,22.5,22.5,29.9,35.3,35.2,45.7,1009.3,0,0,877
2010/1/1,12:16 PM,30,71,24.2,2.7,360,45,30,35.3,35.3,44.6,1009.2,0,0,728
2010/1/1,12:17 PM,30,71,24.2,1.8,22.5,22.5,30,35.3,35.3,46,1009.2,0,0,833
2010/1/1,12:18 PM,30,71,24.2,1.8,45,22.5,30,35.3,35.3,46.1,1009.2,0,0,837
2010/1/1,12:19 PM,30.1,71,24.2,0.4,360,360,30.1,35.5,35.5,46.3,1009.2,0,0,840
2010/1/1,12:20 PM,30.1,70,24,1.3,45,45,30.1,35.4,35.4,46.2,1009.2,0,0,840
2010/1/1,12:21 PM,30.2,70,24.1,3.1,45,45,30.2,35.6,35.6,45.9,1009.1,0,0,828
2010/1/1,12:22 PM,30.2,70,24.1,2.2,22.5,22.5,30.2,35.7,35.7,46.2,1009.1,0,0,824
2010/1/1,12:23 PM,30.3,70,24.2,1.8,45,45,30.3,35.8,35.8,46.4,1009.1,0,0,833
2010/1/1,12:24 PM,30.3,70,24.2,1.8,22.5,45,30.3,35.8,35.8,46.4,1009.1,0,0,831
2010/1/1,12:25 PM,30.3,70,24.2,2.2,360,22.5,30.3,35.9,35.9,46.4,1009.1,0,0,824
2010/1/1,12:26 PM,30.3,70,24.2,3.1,360,360,30.3,35.9,35.9,45.2,1009.1,0,0,749
2010/1/1,12:27 PM,30.4,70,24.3,0.9,45,360,30.4,36,36,46.4,1009,0,0,814
2010/1/1,12:28 PM,30.4,70,24.3,0,112.5,90,30.4,36,36,46.6,1009.1,0,0,827
2010/1/1,12:29 PM,30.4,70,24.4,2.2,360,22.5,30.4,36.2,36.2,46.8,1009,0,0,833
2010/1/1,12:30 PM,30.4,69,24.1,4.9,360,22.5,30,35.9,35.5,44.3,1009,0,0,821
2010/1/1,12:31 PM,30.4,68,23.9,4.5,360,360,30.1,35.7,35.4,44.7,1009,0,0,840
2010/1/1,12:32 PM,30.4,69,24.1,2.7,360,337.5,30.4,35.9,35.9,46.7,1009,0,0,842
2010/1/1,12:33 PM,30.4,69,24.1,1.8,315,315,30.4,35.9,35.9,45.8,1009,0,0,775
2010/1/1,12:34 PM,30.5,69,24.2,2.2,360,360,30.5,36.1,36.1,46.4,1009,0,0,814
2010/1/1,12:35 PM,30.6,69,24.2,1.3,337.5,22.5,30.6,36.2,36.2,46.6,1009,0,0,814
2010/1/1,12:36 PM,30.6,69,24.2,2.7,337.5,22.5,30.6,36.2,36.2,46.4,1009,0,0,805
2010/1/1,12:37 PM,30.6,69,24.3,2.2,360,360,30.6,36.3,36.3,46.7,1008.9,0,0,816
2010/1/1,12:38 PM,30.7,68,24.1,1.8,337.5,337.5,30.7,36.1,36.1,46.6,1008.9,0,0,816
2010/1/1,12:39 PM,30.7,68,24.1,1.3,22.5,337.5,30.7,36.1,36.1,46.6,1008.9,0,0,816
2010/1/1,12:40 PM,30.7,68,24.1,1.8,67.5,90,30.7,36.2,36.2,46.9,1008.9,0,0,832
2010/1/1,12:41 PM,30.8,68,24.2,1.3,360,360,30.8,36.3,36.3,46.9,1008.8,0,0,833
2010/1/1,12:42 PM,30.8,68,24.2,3.1,360,360,30.8,36.3,36.3,46.6,1008.9,0,0,828
2010/1/1,12:43 PM,30.8,68,24.2,2.7,337.5,360,30.8,36.3,36.3,45.7,1008.9,0,0,740
2010/1/1,12:44 PM,30.7,69,24.4,2.2,360,360,30.7,36.4,36.4,47,1008.8,0,0,824
2010/1/1,12:45 PM,30.7,68,24.1,2.2,22.5,22.5,30.7,36.2,36.2,46.9,1008.8,0,0,832
2010/1/1,12:46 PM,30.7,69,24.4,0.9,45,45,30.7,36.4,36.4,47.1,1008.9,0,0,828
2010/1/1,12:47 PM,30.8,69,24.4,0.9,45,45,30.8,36.5,36.5,47.3,1008.9,0,0,840
2010/1/1,12:48 PM,30.8,68,24.2,1.8,45,67.5,30.8,36.3,36.3,47.2,1008.8,0,0,851
2010/1/1,12:49 PM,30.8,69,24.5,2.2,360,360,30.8,36.6,36.6,47.7,1008.8,0,0,868
2010/1/1,12:50 PM,30.8,69,24.5,2.2,360,360,30.8,36.6,36.6,47.8,1008.8,0,0,879
2010/1/1,12:51 PM,30.9,69,24.5,2.2,360,45,30.9,36.7,36.7,47.8,1008.9,0,0,869
2010/1/1,12:52 PM,30.9,69,24.5,1.8,45,22.5,30.9,36.7,36.7,47.8,1008.9,0,0,868
2010/1/1,12:53 PM,30.9,69,24.5,1.8,360,45,30.9,36.7,36.7,47.5,1008.8,0,0,846
2010/1/1,12:54 PM,30.9,69,24.5,1.8,360,360,30.9,36.7,36.7,47.7,1008.8,0,0,858
2010/1/1,12:55 PM,30.9,68,24.3,0.9,22.5,360,30.9,36.5,36.5,47.4,1008.8,0,0,854
2010/1/1,12:56 PM,30.9,69,24.6,0.9,360,360,30.9,36.7,36.7,47.7,1008.8,0,0,856
2010/1/1,12:57 PM,31.1,69,24.7,1.3,360,292.5,31.1,36.9,36.9,47.8,1008.8,0,0,854
2010/1/1,12:58 PM,31.1,68,24.5,2.2,360,337.5,31.1,36.7,36.7,47.7,1008.8,0,0,858
2010/1/1,12:59 PM,31.1,68,24.5,2.2,360,360,31.1,36.7,36.7,47.6,1008.8,0,0,842
2010/1/1,1:00 PM,31.1,68,24.5,2.7,22.5,360,31.1,36.7,36.7,47.5,1008.8,0,0,840
2010/1/1,1:01 PM,31.1,68,24.5,2.2,337.5,22.5,31.1,36.7,36.7,47.7,1008.7,0,0,858
2010/1/1,1:02 PM,31,68,24.4,2.7,45,67.5,31,36.6,36.6,47.4,1008.7,0,0,847
2010/1/1,1:03 PM,31,68,24.4,2.7,22.5,22.5,31,36.6,36.6,47.5,1008.7,0,0,856
2010/1/1,1:04 PM,30.9,68,24.3,0.9,22.5,22.5,30.9,36.5,36.5,47.4,1008.7,0,0,856
2010/1/1,1:05 PM,30.9,68,24.3,2.7,22.5,337.5,30.9,36.5,36.5,47.2,1008.8,0,0,837
2010/1/1,1:06 PM,30.9,68,24.3,3.6,337.5,360,30.9,36.5,36.4,46.7,1008.7,0,0,854
2010/1/1,1:07 PM,30.9,68,24.3,3.1,22.5,22.5,30.9,36.5,36.5,46.9,1008.7,0,0,833
2010/1/1,1:08 PM,30.9,68,24.3,1.3,90,90,30.9,36.5,36.5,47.7,1008.7,0,0,872
2010/1/1,1:09 PM,30.9,69,24.6,2.2,22.5,22.5,30.9,36.7,36.7,47.9,1008.6,0,0,872
2010/1/1,1:10 PM,30.9,68,24.3,1.3,360,337.5,30.9,36.5,36.5,47.9,1008.6,0,0,886
2010/1/1,1:11 PM,31,69,24.6,1.3,337.5,337.5,31,36.8,36.8,47.9,1008.6,0,0,863
2010/1/1,1:12 PM,31.1,68,24.5,1.8,45,360,31.1,36.7,36.7,47.8,1008.6,0,0,865
2010/1/1,1:13 PM,31.1,68,24.5,2.2,337.5,337.5,31.1,36.7,36.7,47.9,1008.6,0,0,867
2010/1/1,1:14 PM,31.2,68,24.6,2.2,337.5,337.5,31.2,36.9,36.9,48,1008.6,0,0,863
2010/1/1,1:15 PM,31.2,68,24.6,1.8,337.5,337.5,31.2,36.9,36.9,48,1008.6,0,0,865
2010/1/1,1:16 PM,31.2,68,24.6,0.9,360,67.5,31.2,37.1,37.1,48.2,1008.5,0,0,867
2010/1/1,1:17 PM,31.2,68,24.6,2.7,22.5,22.5,31.2,37.1,37.1,48.2,1008.4,0,0,868
2010/1/1,1:18 PM,31.3,68,24.7,4,45,22.5,31.2,37.3,37.2,47.2,1008.5,0,0,860
2010/1/1,1:19 PM,31.2,68,24.6,3.6,22.5,22.5,31.1,36.9,36.8,47.4,1008.5,0,0,875
2010/1/1,1:20 PM,31.1,68,24.5,2.2,22.5,22.5,31.1,36.7,36.7,48.2,1008.5,0,0,893
2010/1/1,1:21 PM,30.9,68,24.3,0.9,22.5,22.5,30.9,36.5,36.5,48.3,1008.5,0,0,922
2010/1/1,1:22 PM,30.9,68,24.3,1.3,45,45,30.9,36.4,36.4,48.6,1008.5,0,0,946
2010/1/1,1:23 PM,30.9,69,24.5,0.9,45,45,30.9,36.7,36.7,49.3,1008.4,0,0,983
2010/1/1,1:24 PM,30.9,69,24.5,0.9,45,45,30.9,36.7,36.7,49.3,1008.4,0,0,983
2010/1/1,1:25 PM,30.9,69,24.5,0.9,360,45,30.9,36.7,36.7,49.3,1008.4,0,0,983
2010/1/1,1:26 PM,30.9,70,24.8,1.8,22.5,45,30.9,36.9,36.9,40.8,1008.4,0,0,323
2010/1/1,1:27 PM,31,69,24.6,1.8,45,45,31,36.8,36.8,40.7,1008.4,0,0,323
2010/1/1,1:28 PM,31.1,69,24.7,1.8,45,45,31.1,36.9,36.9,40.7,1008.4,0,0,323
2010/1/1,1:29 PM,31.1,69,24.7,3.1,45,45,31.1,37,37,48.5,1008.4,0,0,916
2010/1/1,1:30 PM,31.2,69,24.8,2.2,45,22.5,31.2,37.2,37.2,48.9,1008.3,0,0,916
2010/1/1,1:31 PM,31.1,68,24.5,3.6,45,45,31.1,36.7,36.7,47.7,1008.4,0,0,916
2010/1/1,1:32 PM,31.1,68,24.5,2.7,67.5,45,31.1,36.7,36.7,39.1,1008.4,0,0,222
2010/1/1,1:33 PM,31.1,69,24.7,2.2,90,315,31.1,36.9,36.9,39.1,1008.4,0,0,207
2010/1/1,1:34 PM,31,69,24.6,2.2,22.5,22.5,31,36.8,36.8,39.1,1008.4,0,0,213
2010/1/1,1:35 PM,31,69,24.6,0.9,360,337.5,31,36.8,36.8,39.2,1008.4,0,0,218
2010/1/1,1:36 PM,31,69,24.6,0.4,247.5,22.5,31,36.8,36.8,39.4,1008.4,0,0,234
2010/1/1,1:37 PM,31,69,24.6,0,270,270,31,36.8,36.8,40.7,1008.3,0,0,329
2010/1/1,1:38 PM,31.1,69,24.7,0,360,360,31.1,36.9,36.9,47.9,1008.3,0,0,861
2010/1/1,1:39 PM,31.1,68,24.5,1.8,360,360,31.1,36.7,36.7,47.8,1008.3,0,0,865
2010/1/1,1:40 PM,31.1,68,24.5,0.9,22.5,22.5,31.1,36.7,36.7,47.9,1008.3,0,0,870
2010/1/1,1:41 PM,31.2,68,24.6,0.9,22.5,360,31.2,36.9,36.9,48.4,1008.3,0,0,893
2010/1/1,1:42 PM,31.2,68,24.6,1.8,337.5,360,31.2,36.9,36.9,48.4,1008.3,0,0,896
2010/1/1,1:43 PM,31.2,68,24.6,0.9,292.5,337.5,31.2,37.1,37.1,48.6,1008.3,0,0,893
2010/1/1,1:44 PM,31.2,68,24.6,1.3,360,360,31.2,37.1,37.1,48.6,1008.3,0,0,896
2010/1/1,1:45 PM,31.3,68,24.7,1.3,360,45,31.3,37.3,37.3,48.8,1008.2,0,0,896
2010/1/1,1:46 PM,31.3,68,24.7,1.3,22.5,45,31.3,37.4,37.4,49,1008.1,0,0,896
2010/1/1,1:47 PM,31.4,68,24.8,1.3,22.5,360,31.4,37.6,37.6,45.8,1008.2,0,0,652
2010/1/1,1:48 PM,31.4,68,24.8,1.8,360,337.5,31.4,37.8,37.8,46,1008.2,0,0,652
2010/1/1,1:49 PM,31.5,68,24.9,1.8,360,360,31.5,37.9,37.9,49.2,1008.1,0,0,874
2010/1/1,1:50 PM,31.5,67,24.6,1.3,45,337.5,31.5,37.7,37.7,48.7,1008.1,0,0,859
2010/1/1,1:51 PM,31.6,66,24.4,2.2,337.5,315,31.6,37.6,37.6,48.4,1008.1,0,0,849
2010/1/1,1:52 PM,31.6,66,24.4,2.2,315,360,31.6,37.6,37.6,48.6,1008.1,0,0,860
2010/1/1,1:53 PM,31.6,67,24.7,1.8,337.5,315,31.6,37.8,37.8,48.7,1008.1,0,0,847
2010/1/1,1:54 PM,31.5,67,24.6,0.9,337.5,337.5,31.5,37.7,37.7,48.6,1008.1,0,0,849
2010/1/1,1:55 PM,31.6,67,24.7,1.8,22.5,22.5,31.6,37.8,37.8,48.8,1008.1,0,0,853
2010/1/1,1:56 PM,31.6,67,24.7,2.2,22.5,45,31.6,38,38,49,1008.1,0,0,858
2010/1/1,1:57 PM,31.7,67,24.8,2.7,22.5,22.5,31.7,38.2,38.2,48.8,1008,0,0,831
2010/1/1,1:58 PM,31.7,67,24.8,1.8,22.5,45,31.7,38.2,38.2,48.8,1008,0,0,826
2010/1/1,1:59 PM,31.7,67,24.8,0.4,22.5,22.5,31.7,38.3,38.3,48.7,1008,0,0,812
2010/1/1,2:00 PM,31.7,66,24.6,2.7,315,292.5,31.7,38.1,38.1,48.5,1007.9,0,0,814
2010/1/1,2:01 PM,31.8,66,24.6,1.8,360,337.5,31.8,38.2,38.2,48.9,1007.9,0,0,837
2010/1/1,2:02 PM,31.8,66,24.6,1.8,360,22.5,31.8,38.2,38.2,48.3,1007.9,0,0,789
2010/1/1,2:03 PM,31.8,65,24.4,1.8,360,22.5,31.8,37.9,37.9,47.9,1007.9,0,0,789
2010/1/1,2:04 PM,31.8,66,24.6,1.3,22.5,22.5,31.8,38.2,38.2,48.8,1007.9,0,0,828
2010/1/1,2:05 PM,31.8,66,24.6,1.3,360,22.5,31.8,38.2,38.2,49.1,1007.9,0,0,847
2010/1/1,2:06 PM,31.8,66,24.6,0.4,270,270,31.8,38.2,38.2,49.5,1007.9,0,0,877
2010/1/1,2:07 PM,31.8,66,24.7,0.4,315,315,31.8,38.4,38.4,50.1,1007.9,0,0,912
2010/1/1,2:08 PM,31.9,66,24.7,0.4,22.5,22.5,31.9,38.6,38.6,50.5,1008,0,0,925
2010/1/1,2:09 PM,32,66,24.8,0,22.5,22.5,32,38.9,38.9,50.8,1007.9,0,0,918
2010/1/1,2:10 PM,32.1,65,24.6,2.2,337.5,337.5,32.1,38.8,38.8,50.6,1007.9,0,0,918
2010/1/1,2:11 PM,32.1,65,24.6,1.8,270,337.5,32.1,38.8,38.8,50.6,1007.9,0,0,918
2010/1/1,2:12 PM,32.1,65,24.7,1.3,135,135,32.1,39,39,50.8,1007.8,0,0,918
2010/1/1,2:13 PM,32.2,65,24.8,1.3,135,135,32.2,39.2,39.2,42.9,1007.7,0,0,316
2010/1/1,2:14 PM,32.2,65,24.8,0.4,112.5,112.5,32.2,39.3,39.3,43.1,1007.7,0,0,318
2010/1/1,2:15 PM,32.3,65,24.9,0.4,112.5,67.5,32.3,39.5,39.5,43.2,1007.8,0,0,313
2010/1/1,2:16 PM,32.3,65,24.9,0,22.5,22.5,32.3,39.7,39.7,43.4,1007.7,0,0,320
2010/1/1,2:17 PM,32.4,64,24.7,0,292.5,292.5,32.4,39.4,39.4,43.6,1007.7,0,0,346
2010/1/1,2:18 PM,32.5,64,24.8,0.9,135,180,32.5,39.8,39.8,43.9,1007.7,0,0,346
2010/1/1,2:19 PM,32.6,64,24.9,0.9,135,67.5,32.6,39.9,39.9,44.9,1007.7,0,0,415
2010/1/1,2:20 PM,32.6,64,24.9,1.3,360,360,32.6,39.9,39.9,44.9,1007.7,0,0,415
2010/1/1,2:21 PM,32.6,63,24.6,1.3,22.5,22.5,32.6,39.7,39.7,51.2,1007.7,0,0,888
2010/1/1,2:22 PM,32.6,63,24.6,0.9,22.5,22.5,32.6,39.6,39.6,49.9,1007.8,0,0,807
2010/1/1,2:23 PM,32.6,63,24.6,2.2,22.5,45,32.6,39.6,39.6,50.3,1007.8,0,0,835
2010/1/1,2:24 PM,32.5,64,24.8,1.3,337.5,22.5,32.5,39.8,39.8,50.6,1007.8,0,0,838
2010/1/1,2:25 PM,32.4,63,24.5,1.3,360,360,32.4,39.3,39.3,50.1,1007.7,0,0,838
2010/1/1,2:26 PM,32.3,64,24.7,2.2,22.5,22.5,32.3,39.3,39.3,42.9,1007.6,0,0,311
2010/1/1,2:27 PM,32.3,65,24.9,2.2,22.5,22.5,32.3,39.5,39.5,43.1,1007.5,0,0,308
2010/1/1,2:28 PM,32.2,65,24.8,1.3,360,22.5,32.2,39.3,39.3,42.9,1007.6,0,0,306
2010/1/1,2:29 PM,32.2,65,24.8,1.3,360,360,32.2,39.2,39.2,43.2,1007.6,0,0,339
2010/1/1,2:30 PM,32.2,66,25,0.9,22.5,360,32.2,39.5,39.5,43.6,1007.6,0,0,339
2010/1/1,2:31 PM,32.1,65,24.7,1.3,45,45,32.1,39,39,48.7,1007.6,0,0,760
2010/1/1,2:32 PM,32.1,64,24.4,1.3,45,22.5,32.1,38.7,38.7,47.8,1007.5,0,0,717
2010/1/1,2:33 PM,32.1,65,24.6,2.2,45,45,32.1,38.8,38.8,43.3,1007.5,0,0,380
2010/1/1,2:34 PM,32,65,24.6,2.7,45,45,32,38.6,38.6,43.2,1007.5,0,0,380
2010/1/1,2:35 PM,32,65,24.6,1.3,67.5,67.5,32,38.6,38.6,43.2,1007.5,0,0,380
2010/1/1,2:36 PM,31.9,66,24.8,0.9,45,45,31.9,38.8,38.8,42.7,1007.4,0,0,332
2010/1/1,2:37 PM,31.9,66,24.8,1.8,22.5,22.5,31.9,38.8,38.8,42.7,1007.5,0,0,334
2010/1/1,2:38 PM,31.9,65,24.5,2.2,22.5,45,31.9,38.3,38.3,42.3,1007.4,0,0,341
2010/1/1,2:39 PM,31.8,66,24.7,1.3,22.5,22.5,31.8,38.4,38.4,42.7,1007.4,0,0,362
2010/1/1,2:40 PM,31.8,66,24.7,0.4,22.5,22.5,31.8,38.4,38.4,43.4,1007.4,0,0,418
2010/1/1,2:41 PM,31.8,66,24.7,1.3,45,45,31.8,38.4,38.4,43.4,1007.3,0,0,418
2010/1/1,2:42 PM,31.8,66,24.7,0.9,45,45,31.8,38.4,38.4,43.4,1007.3,0,0,418
2010/1/1,2:43 PM,31.8,66,24.7,0.4,22.5,22.5,31.8,38.4,38.4,45.6,1007.3,0,0,577
2010/1/1,2:44 PM,31.9,66,24.7,0.9,22.5,22.5,31.9,38.6,38.6,44.7,1007.3,0,0,497
2010/1/1,2:45 PM,31.9,66,24.7,0.9,22.5,22.5,31.9,38.6,38.6,44.7,1007.3,0,0,497
2010/1/1,2:46 PM,31.9,66,24.8,0.4,45,45,31.9,38.8,38.8,42.3,1007.3,0,0,302
2010/1/1,2:47 PM,32,66,24.8,0.4,67.5,90,32,38.9,38.9,43.4,1007.3,0,0,376
2010/1/1,2:48 PM,32.1,66,24.9,0.9,90,45,32.1,39.1,39.1,42.6,1007.2,0,0,295
2010/1/1,2:49 PM,32.1,65,24.7,1.3,67.5,22.5,32.1,39,39,43.4,1007.3,0,0,367
2010/1/1,2:50 PM,32.1,66,25,0.9,45,22.5,32.1,39.3,39.3,44.4,1007.3,0,0,422
2010/1/1,2:51 PM,32.2,66,25,1.3,45,45,32.2,39.5,39.5,44.7,1007.1,0,0,422
2010/1/1,2:52 PM,32.2,65,24.8,1.8,22.5,22.5,32.2,39.2,39.2,44.3,1007.2,0,0,422
2010/1/1,2:53 PM,32.2,64,24.5,1.3,360,22.5,32.2,38.8,38.8,43.3,1007.2,0,0,373
2010/1/1,2:54 PM,32.1,65,24.7,0.9,337.5,337.5,32.1,39,39,49.4,1007.2,0,0,814
2010/1/1,2:55 PM,32.1,65,24.7,0.9,337.5,337.5,32.1,39,39,49,1007.2,0,0,780
2010/1/1,2:56 PM,32.1,65,24.7,0,315,22.5,32.1,39,39,48.5,1007.2,0,0,744
2010/1/1,2:57 PM,32.2,65,24.8,0.4,315,90,32.2,39.2,39.2,48.7,1007.2,0,0,744
2010/1/1,2:58 PM,32.2,66,25.1,0.9,135,135,32.2,39.7,39.7,51.3,1007.1,0,0,904
2010/1/1,2:59 PM,32.3,64,24.6,0.4,157.5,135,32.3,39.2,39.2,50.9,1007.1,0,0,914
2010/1/1,3:00 PM,32.4,64,24.7,0.9,157.5,157.5,32.4,39.4,39.4,48.9,1007.1,0,0,740
2010/1/1,3:01 PM,32.4,64,24.8,1.3,180,202.5,32.4,39.6,39.6,49.1,1007.1,0,0,740
2010/1/1,3:02 PM,32.6,64,24.9,1.8,180,180,32.6,40.1,40.1,50.6,1007.1,0,0,823
2010/1/1,3:03 PM,32.7,64,25,1.3,157.5,135,32.7,40.2,40.2,50.8,1007.1,0,0,823
2010/1/1,3:04 PM,32.8,63,24.9,1.3,202.5,202.5,32.8,40.3,40.3,44.9,1007.1,0,0,385
2010/1/1,3:05 PM,32.9,63,24.9,1.3,157.5,157.5,32.9,40.4,40.4,44.8,1007.1,0,0,366
2010/1/1,3:06 PM,33,63,25,1.8,157.5,157.5,33,40.8,40.8,45.3,1007.1,0,0,371
2010/1/1,3:07 PM,33.1,62,24.8,1.3,135,135,33.1,40.6,40.6,45,1007.1,0,0,371
2010/1/1,3:08 PM,33.1,62,24.9,4.5,202.5,202.5,33.1,40.7,40.7,44.2,1007.1,0,0,341
2010/1/1,3:09 PM,33.1,65,25.6,4.5,180,180,33.1,41.9,41.9,45.4,1007.1,0,0,339
2010/1/1,3:10 PM,32.9,66,25.7,4.9,180,180,32.9,41.8,41.8,45.4,1007.1,0,0,362
2010/1/1,3:11 PM,32.7,67,25.7,4.9,180,180,32.7,41.3,41.3,44.9,1007.1,0,0,352
2010/1/1,3:12 PM,32.3,67,25.4,3.6,180,180,32.3,40.3,40.3,43.8,1007.1,0,0,312
2010/1/1,3:13 PM,32.1,68,25.5,3.6,180,157.5,32.1,39.9,39.9,43,1007,0,0,283
2010/1/1,3:14 PM,31.9,69,25.5,2.7,202.5,202.5,31.9,39.5,39.5,42.6,1007.1,0,0,267
2010/1/1,3:15 PM,31.8,70,25.6,4.5,157.5,202.5,31.7,39.4,39.3,42,1007.1,0,0,264
2010/1/1,3:16 PM,31.6,71,25.7,5.4,180,157.5,31.3,39.2,38.9,41.4,1007.1,0,0,265
2010/1/1,3:17 PM,31.4,71,25.5,2.7,202.5,157.5,31.4,38.7,38.7,41.6,1007.1,0,0,258
2010/1/1,3:18 PM,31.3,72,25.7,3.1,225,202.5,31.3,38.6,38.6,41.4,1007.1,0,0,255
2010/1/1,3:19 PM,31.2,72,25.6,4,202.5,180,31.1,38.2,38,40.6,1007.1,0,0,255
2010/1/1,3:20 PM,31.1,72,25.4,2.7,180,180,31.1,37.7,37.7,40.5,1007.1,0,0,248
2010/1/1,3:21 PM,31,73,25.6,2.2,202.5,202.5,31,37.8,37.8,40.7,1007,0,0,246
2010/1/1,3:22 PM,30.9,72,25.3,3.1,180,247.5,30.9,37.5,37.5,40.1,1007,0,0,241
2010/1/1,3:23 PM,30.9,73,25.5,2.2,180,180,30.9,37.7,37.7,40.2,1007,0,0,230
2010/1/1,3:24 PM,30.8,73,25.4,2.2,180,180,30.8,37.6,37.6,39.9,1007,0,0,216
2010/1/1,3:25 PM,30.8,73,25.4,3.1,225,202.5,30.8,37.6,37.6,39.6,1006.9,0,0,199
2010/1/1,3:26 PM,30.8,73,25.4,3.6,202.5,225,30.7,37.4,37.4,39.3,1007,0,0,188
2010/1/1,3:27 PM,30.7,73,25.3,2.7,225,202.5,30.7,37.4,37.4,39.2,1007,0,0,179
2010/1/1,3:28 PM,30.7,73,25.3,3.6,225,225,30.6,37.3,37.2,38.8,1006.9,0,0,171
2010/1/1,3:29 PM,30.6,73,25.2,4,225,225,30.4,37.2,36.9,38.3,1006.9,0,0,150
2010/1/1,3:30 PM,30.6,73,25.2,4.9,202.5,202.5,30.1,37.1,36.7,37.6,1007,0,0,125
2010/1/1,3:31 PM,30.5,73,25.1,2.7,202.5,202.5,30.5,36.9,36.9,37.8,1007,0,0,107
2010/1/1,3:32 PM,30.4,73,25.1,1.3,202.5,202.5,30.4,36.8,36.8,37.6,1007,0,0,93
2010/1/1,3:33 PM,30.4,74,25.2,0.4,180,202.5,30.4,36.9,36.9,37.4,1007,0,0,83
2010/1/1,3:34 PM,30.3,74,25.2,0.4,180,180,30.3,36.8,36.8,37.3,1007,0,0,76
2010/1/1,3:35 PM,30.3,74,25.2,0.9,225,225,30.3,36.8,36.8,37.2,1007,0,0,69
2010/1/1,3:36 PM,30.3,74,25.2,1.3,225,225,30.3,36.8,36.8,37.1,1007,0,0,65
2010/1/1,3:37 PM,30.3,74,25.2,1.3,225,247.5,30.3,36.8,36.8,37.1,1007,0,0,65
2010/1/1,3:38 PM,30.3,74,25.2,1.8,247.5,247.5,30.3,36.8,36.8,37.1,1007,0,0,67
2010/1/1,3:39 PM,30.3,75,25.4,0.4,247.5,247.5,30.3,37,37,37.3,1006.9,0,0,67
2010/1/1,3:40 PM,30.3,75,25.3,0.4,247.5,247.5,30.3,36.8,36.8,37.2,1007,0,0,67
2010/1/1,3:41 PM,30.3,74,25.1,1.3,157.5,180,30.3,36.6,36.6,36.9,1007,0,0,66
2010/1/1,3:42 PM,30.2,76,25.5,1.3,157.5,157.5,30.2,36.9,36.9,37.3,1007,0,0,65
2010/1/1,3:43 PM,30.2,77,25.7,1.3,157.5,157.5,30.2,37.2,37.2,37.5,1006.9,0,0,65
2010/1/1,3:44 PM,30.2,78,25.9,0.9,157.5,157.5,30.2,37.2,37.2,37.6,1006.9,0,0,65
2010/1/1,3:45 PM,30.2,77,25.7,0.9,135,157.5,30.2,37,37,37.3,1006.9,0.2,0,65
2010/1/1,3:46 PM,30.1,80,26.3,1.3,135,135,30.1,37.5,37.5,37.9,1007,0.2,7.4,67
2010/1/1,3:47 PM,30.1,79,26,1.3,135,135,30.1,37.1,37.1,37.6,1007,0,7.4,70
2010/1/1,3:48 PM,30,80,26.2,1.3,135,135,30,37.1,37.1,37.6,1006.9,0,5.4,74
2010/1/1,3:49 PM,29.9,81,26.3,2.2,135,135,29.9,37.2,37.2,37.8,1006.9,0.2,5.4,77
2010/1/1,3:50 PM,29.8,80,26,1.3,180,157.5,29.8,36.7,36.7,37.3,1007,0,4.4,83
2010/1/1,3:51 PM,29.7,81,26.1,1.8,180,180,29.7,36.7,36.7,37.3,1006.9,0,4.4,86
2010/1/1,3:52 PM,29.6,81,25.9,1.3,157.5,157.5,29.6,36.3,36.3,37,1006.9,0,3.4,91
2010/1/1,3:53 PM,29.4,81,25.8,1.8,157.5,157.5,29.4,35.9,35.9,36.7,1006.9,0,2.6,100
2010/1/1,3:54 PM,29.2,81,25.6,1.3,157.5,202.5,29.2,35.6,35.6,37.6,1006.9,0.2,2.6,109
2010/1/1,3:55 PM,29,82,25.6,0.9,157.5,180,29,35.3,35.3,37.4,1006.9,0.2,6.6,114
2010/1/1,3:56 PM,28.8,84,25.9,1.3,180,180,28.8,35.3,35.3,37.6,1006.9,0,6.6,120
2010/1/1,3:57 PM,28.7,85,25.9,0.9,180,180,28.7,35.1,35.1,37.6,1006.8,0,5.2,127
2010/1/1,3:58 PM,28.7,87,26.3,1.8,247.5,247.5,28.7,35.3,35.3,37.9,1006.8,0,3.6,134
2010/1/1,3:59 PM,28.6,88,26.4,1.8,247.5,247.5,28.6,35.2,35.2,38.1,1006.8,0,2.8,140
2010/1/1,4:00 PM,28.4,88,26.3,1.3,247.5,225,28.4,34.8,34.8,37.4,1006.8,0,2.4,135
2010/1/1,4:01 PM,28.4,88,26.2,1.8,270,225,28.4,34.7,34.7,37.2,1006.7,0,2,128
2010/1/1,4:02 PM,28.3,88,26.2,2.2,247.5,247.5,28.3,34.5,34.5,37,1006.8,0,1.6,121
2010/1/1,4:03 PM,28.3,88,26.1,2.2,270,270,28.3,34.4,34.4,36.8,1006.8,0,1.4,113
2010/1/1,4:04 PM,28.2,88,26,2.2,247.5,247.5,28.2,34.1,34.1,36.3,1006.8,0,1.2,104
2010/1/1,4:05 PM,28.1,89,26.1,2.2,270,270,28.1,33.9,33.9,35.9,1006.7,0,1.2,91
2010/1/1,4:06 PM,27.9,87,25.6,1.8,247.5,247.5,27.9,33.3,33.3,34.9,1006.8,0,1,79
2010/1/1,4:07 PM,27.9,88,25.7,1.8,270,270,27.9,33.3,33.3,34.9,1006.8,0,1,74
2010/1/1,4:08 PM,27.8,88,25.7,1.8,247.5,247.5,27.8,33.2,33.2,34.6,1006.8,0,1,69
2010/1/1,4:09 PM,27.8,88,25.6,1.8,270,270,27.8,33,33,34.3,1006.8,0,0.8,65
2010/1/1,4:10 PM,27.7,88,25.5,0.9,247.5,247.5,27.7,32.7,32.7,33.9,1006.8,0,0.8,61
2010/1/1,4:11 PM,27.6,88,25.4,0.4,247.5,247.5,27.6,32.6,32.6,33.7,1006.8,0,0.8,58
2010/1/1,4:12 PM,27.6,89,25.6,0.4,225,247.5,27.6,32.7,32.7,33.9,1006.7,0,0,58
2010/1/1,4:13 PM,27.6,90,25.8,0.4,225,225,27.6,32.7,32.7,33.9,1006.7,0,0,58
2010/1/1,4:14 PM,27.5,89,25.5,0,225,225,27.5,32.4,32.4,33.6,1006.8,0,0,60
2010/1/1,4:15 PM,27.5,89,25.5,0.4,225,225,27.5,32.4,32.4,33.7,1006.7,0,0,63
2010/1/1,4:16 PM,27.5,90,25.7,0,225,225,27.5,32.6,32.6,34.1,1006.7,0,0,72
2010/1/1,4:17 PM,27.4,90,25.7,0,0,0,27.4,32.4,32.4,34.1,1006.7,0,0,79
2010/1/1,4:18 PM,27.4,91,25.8,0,0,0,27.4,32.6,32.6,34.4,1006.8,0,0,84
2010/1/1,4:19 PM,27.4,90,25.7,0.4,247.5,247.5,27.4,32.4,32.4,34.2,1006.8,0,0,86
2010/1/1,4:20 PM,27.4,89,25.5,0.4,247.5,247.5,27.4,32.3,32.3,34.1,1006.8,0,0,86
2010/1/1,4:21 PM,27.4,89,25.5,0.4,247.5,247.5,27.4,32.3,32.3,34.1,1006.9,0,0,86
2010/1/1,4:22 PM,27.4,90,25.7,0,247.5,247.5,27.4,32.4,32.4,34.3,1006.9,0.2,0,88
2010/1/1,4:23 PM,27.4,91,25.8,0,247.5,247.5,27.4,32.6,32.6,34.4,1006.8,0,0,90
2010/1/1,4:24 PM,27.4,91,25.8,0,247.5,247.5,27.4,32.6,32.6,34.5,1006.8,0,0,91
2010/1/1,4:25 PM,27.4,90,25.7,0,0,0,27.4,32.4,32.4,34.3,1006.9,0.2,4.2,91
2010/1/1,4:26 PM,27.4,90,25.7,0,247.5,247.5,27.4,32.4,32.4,34.2,1006.9,0,4.2,86
2010/1/1,4:27 PM,27.4,90,25.7,0,247.5,247.5,27.4,32.4,32.4,34.1,1006.9,0,4.2,83
2010/1/1,4:28 PM,27.4,91,25.8,0.4,247.5,247.5,27.4,32.6,32.6,34.1,1006.9,0,3,76
2010/1/1,4:29 PM,27.5,91,25.9,0.4,247.5,247.5,27.5,32.8,32.8,34.2,1006.8,0,2.4,72
2010/1/1,4:30 PM,27.5,91,25.9,0.9,247.5,247.5,27.5,32.8,32.8,34.1,1006.8,0,2,69
2010/1/1,4:31 PM,27.5,91,25.9,0.9,247.5,247.5,27.5,32.8,32.8,34,1006.8,0,1.8,65
2010/1/1,4:32 PM,27.5,91,25.9,0.9,247.5,247.5,27.5,32.8,32.8,33.9,1006.8,0,1.4,63
2010/1/1,4:33 PM,27.5,90,25.7,0.4,247.5,247.5,27.5,32.6,32.6,33.7,1006.8,0,1.4,60
2010/1/1,4:34 PM,27.5,91,25.9,0,247.5,247.5,27.5,32.8,32.8,33.7,1006.8,0,1.2,54
2010/1/1,4:35 PM,27.5,90,25.7,0.4,270,270,27.5,32.6,32.6,33.3,1006.8,0,1,49
2010/1/1,4:36 PM,27.5,90,25.7,0,270,270,27.5,32.6,32.6,33.3,1006.8,0,1,47
2010/1/1,4:37 PM,27.4,89,25.5,1.3,315,315,27.4,32.3,32.3,33,1006.8,0,1,46
2010/1/1,4:38 PM,27.4,90,25.7,0.4,270,270,27.4,32.4,32.4,33.2,1006.9,0,0.8,46
2010/1/1,4:39 PM,27.4,91,25.8,0,270,292.5,27.4,32.6,32.6,33.3,1006.9,0,0.8,46
